order_no,order_date_time,user_id,product_id,amount,discount_amount,created_by
1001,01-01-2026,1011,1223,592.37,0,1002
1002,01-01-2026,1012,1313,1100.85,0,1002
1003,01-01-2026,1013,1313,1100.85,0,1002
1004,01-01-2026,1014,1202,2541.53,0,1002
1005,01-01-2026,1015,1239,846.61,0,1002
1006,01-02-2026,1016,1204,422.88,0,1002
1007,01-02-2026,1018,1256,931.36,0,1006
1008,01-02-2026,1019,1124,253.39,0,1009
1009,01-02-2026,1020,1113,253.39,0,1002
1010,01-02-2026,1021,1391,761.86,0,1009
1011,01-03-2026,1022,1257,931.36,0,1002
1012,01-04-2026,1023,1391,761.86,0,1002
1013,01-04-2026,1024,1391,761.86,0,1005
1014,01-04-2026,1025,1223,592.37,0,1002
1015,01-04-2026,1026,1223,592.37,0,1009
1016,01-04-2026,1027,1223,592.37,0,1005
1017,01-05-2026,1029,1391,761.86,0,1005
1018,01-05-2026,1030,1391,761.86,0,1005
1019,01-05-2026,1031,1121,253.39,0,1002
1020,01-05-2026,1031,1391,761.86,0,1002
1021,01-05-2026,1032,1391,761.86,0,1002
1022,01-05-2026,1033,1254,846.61,0,1028
1023,01-05-2026,1034,1391,761.86,0,1005
1024,01-06-2026,1035,1391,761.86,0,1005
1025,01-06-2026,1036,1391,761.86,0,1028
1026,01-06-2026,1037,1391,761.86,0,1005
1027,01-06-2026,1038,1391,761.86,0,1028
1028,01-06-2026,1039,1134,338.14,0,1006
1029,01-07-2026,1040,1391,761.86,0,1009
1030,01-07-2026,1041,1121,253.39,0,1005
1031,01-07-2026,1042,1236,761.86,0,1028
1032,01-07-2026,1043,1236,761.86,0,1005
1033,01-07-2026,1044,1236,761.86,0,1009
1034,01-07-2026,1045,1135,338.14,0,1006
1035,01-07-2026,1046,1135,338.14,0,1002
1036,01-07-2026,1047,1121,253.39,0,1002
1037,01-08-2026,1048,1124,253.39,0,1002
1038,01-08-2026,1049,1391,761.86,0,1002
1039,01-08-2026,1050,1136,422.88,0,1002
1040,01-08-2026,1051,1343,2541.53,0,1006
1041,01-08-2026,1052,1344,5507.63,0,1006
1042,01-08-2026,1053,1183,592.37,29.6185,1009
1043,01-08-2026,1054,1134,338.14,0,1006
1044,01-08-2026,1055,1134,338.14,0,1009
1045,01-08-2026,1056,1134,338.14,0,1009
1046,01-08-2026,1057,1126,338.14,0,1009
1047,01-09-2026,1058,1391,761.86,0,1003
1048,01-09-2026,1059,1391,761.86,0,1002
1049,01-09-2026,1060,1123,253.39,0,1003
1050,01-09-2026,1061,1162,422.88,0,1005
1051,01-09-2026,1062,1183,592.37,0,1005
1052,01-09-2026,1063,1120,253.39,0,1005
1053,01-09-2026,1064,1225,592.37,29.6185,1006
1054,01-10-2026,1066,1105,253.39,0,1003
1055,01-10-2026,1067,1167,422.88,0,1002
1056,01-10-2026,1069,1391,761.86,0,1005
1057,01-10-2026,1070,1110,253.39,0,1005
1058,01-10-2026,1071,1129,338.14,0,1009
1059,01-10-2026,1073,1088,2287.29,228.729,1003
1060,01-11-2026,1076,1164,422.88,0,1003
1061,01-11-2026,1077,1391,761.86,0,1005
1062,01-11-2026,1078,1188,592.37,29.6185,1006
1063,01-11-2026,1079,1131,338.14,0,1028
1064,01-11-2026,1080,1324,1270.34,0,1006
1065,01-11-2026,1082,1391,761.86,0,1003
1066,01-11-2026,1084,1121,253.39,0,1002
1067,01-12-2026,1085,1121,253.39,0,1002
1068,01-12-2026,1086,1260,931.36,0,1003
1069,01-12-2026,1087,1139,422.88,0,1028
1070,01-12-2026,1088,1353,1016.1,0,1003
1071,01/13/2026 03:48:47,1090,1121,253.39,0,1003
1072,01/13/2026 03:56:35,1091,1113,253.39,0,1003
1073,01/13/2026 05:50:34,1092,1121,253.39,0,1002
1074,01/13/2026 18:52:24,1093,1336,1694.07,0,1009
1075,01/13/2026 18:56:00,1093,1273,1694.07,0,1009
1076,01/13/2026 21:11:11,1094,1126,338.14,0,1006
1077,01/13/2026 21:27:15,1095,1124,253.39,0,1006
1078,01/14/2026 00:34:11,1096,1121,253.39,0,1002
1079,01/14/2026 17:19:22,1097,1097,2965.25,296.525,1006
1080,01/14/2026 20:19:09,1098,1114,253.39,0,1006
1081,01/14/2026 20:39:33,1098,1114,253.39,0,1006
1082,01/14/2026 21:18:07,1099,1121,253.39,0,1006
1083,01/14/2026 22:04:57,1100,1391,761.86,0,1006
1084,01/14/2026 22:46:30,1101,1152,253.39,0,1002
1085,01/14/2026 23:33:13,1102,1121,253.39,0,1009
1086,01/14/2026 23:40:00,1103,1121,253.39,0,1003
1087,01/15/2026 00:10:47,1104,1147,592.37,0,1003
1088,01/15/2026 00:14:49,1104,1147,592.37,0,1003
1089,01/15/2026 00:50:02,1105,1391,761.86,0,1002
1090,01/15/2026 01:14:55,1106,1121,253.39,0,1003
1091,01/15/2026 01:41:13,1107,1149,1270.34,0,1002
1092,01/15/2026 03:31:13,1108,1121,253.39,0,1009
1093,01/15/2026 04:10:11,1109,1121,253.39,0,1003
1094,01/15/2026 13:32:05,1110,1391,761.86,0,1005
1095,01/15/2026 13:48:39,1111,1391,761.86,0,1005
1096,01/15/2026 20:56:48,1112,1124,253.39,0,1006
1097,01/15/2026 21:09:48,1113,1132,338.14,0,1006
1098,01/15/2026 21:46:51,1114,1133,338.14,0,1006
1099,01/15/2026 23:29:01,1115,1124,253.39,0,1002
1100,01/15/2026 23:30:15,1116,1124,253.39,0,1003
1101,01/15/2026 23:51:48,1117,1124,253.39,0,1002
1102,01/15/2026 23:52:38,1118,1124,253.39,0,1003
1103,01/16/2026 01:57:16,1119,1391,761.86,0,1003
1104,01/16/2026 03:07:49,1120,1391,761.86,0,1002
1105,01/16/2026 07:48:27,1121,1391,761.86,0,1005
1106,01/16/2026 07:50:57,1122,1391,761.86,0,1005
1107,01/16/2026 08:23:44,1123,1126,338.14,0,1005
1108,01/16/2026 10:45:39,1124,1121,253.39,0,1005
1109,01/16/2026 11:40:06,1125,1126,338.14,0,1005
1110,01/16/2026 12:13:42,1126,1391,761.86,0,1005
1111,01/16/2026 12:36:35,1127,1391,761.86,0,1005
1112,01/17/2026 00:12:46,1128,1121,253.39,0,1003
1113,01/17/2026 00:20:14,1129,1121,253.39,0,1002
1114,01/17/2026 00:24:58,1130,1121,253.39,0,1003
1115,01/17/2026 00:31:13,1131,1113,253.39,0,1002
1116,01/17/2026 10:02:26,1132,1106,253.39,0,1028
1117,01/17/2026 12:14:59,1133,1133,338.14,0,1005
1118,01/17/2026 13:31:13,1134,1391,761.86,0,1005
1119,01/17/2026 19:33:12,1135,1126,338.14,0,1006
1120,01/17/2026 21:01:22,1136,1145,507.63,0,1006
1121,01/17/2026 21:06:09,1137,1228,592.37,0,1006
1122,01/17/2026 21:41:00,1138,1334,1694.07,0,1006
1123,01/17/2026 23:26:02,1139,1391,761.86,0,1002
1124,01/17/2026 23:53:37,1140,1121,253.39,0,1003
1125,01/18/2026 03:24:18,1141,1340,2117.8,0,1003
1126,01/18/2026 06:24:58,1142,1183,592.37,0,1003
1127,01/18/2026 07:39:40,1143,1121,253.39,0,1005
1128,01/18/2026 07:43:07,1144,1121,253.39,0,1005
1129,01/18/2026 07:46:01,1145,1121,253.39,0,1005
1130,01/18/2026 07:50:23,1146,1121,253.39,0,1005
1131,01/18/2026 07:55:45,1147,1121,253.39,0,1005
1132,01/18/2026 09:05:35,1148,1135,338.14,0,1005
1133,01/18/2026 11:26:49,1149,1391,761.86,0,1005
1134,01/18/2026 14:03:05,1150,1097,2965.25,0,1005
1135,01/18/2026 15:06:41,1151,1121,253.39,0,1006
1136,01/18/2026 15:11:51,1152,1121,253.39,0,1006
1137,01/18/2026 15:14:00,1153,1121,253.39,0,1006
1138,01/18/2026 15:27:50,1154,1121,253.39,0,1006
1139,01/18/2026 15:30:05,1155,1121,253.39,0,1006
1140,01/18/2026 18:32:41,1156,1128,338.14,0,1006
1141,01/18/2026 20:36:24,1157,1145,507.63,0,1006
1142,01/18/2026 22:18:12,1158,1241,846.61,0,1009
1143,01/18/2026 22:51:19,1159,1132,338.14,0,1009
1144,01/18/2026 23:09:56,1160,1121,253.39,0,1009
1145,01/18/2026 23:11:04,1161,1121,253.39,0,1009
1146,01/19/2026 00:49:26,1162,1135,338.14,0,1002
1147,01/19/2026 01:14:29,1163,1199,931.36,0,1003
1148,01/19/2026 01:38:26,1164,1121,253.39,0,1009
1149,01/19/2026 03:06:25,1165,1338,2117.8,0,1003
1150,01/19/2026 05:07:17,1166,1223,592.37,0,1009
1151,01/19/2026 05:11:40,1167,1162,422.88,0,1009
1152,01/19/2026 09:17:22,1168,1135,338.14,0,1005
1153,01/19/2026 12:34:34,1169,1306,1016.1,0,1005
1154,01/19/2026 12:37:23,1170,1133,338.14,0,1005
1155,01/19/2026 13:40:02,1171,1121,253.39,0,1005
1156,01/19/2026 13:45:45,1172,1121,253.39,0,1005
1157,01/19/2026 14:06:33,1173,1121,253.39,0,1005
1158,01/19/2026 15:06:44,1174,1121,253.39,0,1028
1159,01/19/2026 15:17:53,1175,1121,253.39,0,1028
1160,01/19/2026 21:27:39,1176,1127,338.14,0,1028
1161,01/19/2026 23:36:24,1177,1121,253.39,0,1002
1162,01/19/2026 23:44:15,1178,1121,253.39,0,1003
1163,01/19/2026 23:46:32,1179,1113,253.39,0,1002
1164,01/20/2026 00:17:54,1180,1121,253.39,0,1003
1165,01/20/2026 02:50:53,1181,1121,253.39,0,1002
1166,01/20/2026 05:33:18,1182,1213,422.88,0,1003
1167,01/20/2026 06:07:57,1183,1121,253.39,0,1002
1168,01/20/2026 06:08:34,1184,1121,253.39,0,1003
1169,01/20/2026 06:11:31,1185,1121,253.39,0,1002
1170,01/20/2026 06:11:34,1185,1121,253.39,0,1003
1171,01/20/2026 07:23:17,1186,1121,253.39,0,1005
1172,01/20/2026 07:57:40,1187,1169,422.88,0,1005
1173,01/20/2026 13:12:03,1188,1233,677.12,0,1005
1174,01/20/2026 13:43:27,1189,1170,422.88,0,1005
1175,01/20/2026 13:47:46,1190,1121,253.39,0,1005
1176,01/20/2026 23:59:56,1191,1121,253.39,0,1003
1177,01/21/2026 00:42:02,1192,1263,1100.85,0,1009
1178,01/21/2026 02:45:24,1193,1259,931.36,0,1003
1179,01/21/2026 05:59:50,1194,1170,422.88,0,1003
1180,01/21/2026 10:10:31,1195,1256,931.36,0,1005
1181,01/21/2026 12:10:51,1196,1121,253.39,0,1005
1182,01/21/2026 12:37:58,1197,1134,338.14,0,1005
1183,01/21/2026 12:47:15,1198,1126,338.14,0,1005
1184,01/21/2026 20:38:54,1199,1133,338.14,0,1006
1185,01/21/2026 21:59:04,1200,1226,592.37,0,1028
1186,01/21/2026 22:17:19,1201,1135,338.14,0,1002
1187,01/22/2026 00:33:30,1202,1169,422.88,0,1003
1188,01/22/2026 00:51:55,1203,1121,253.39,0,1009
1189,01/22/2026 01:11:14,1204,1121,253.39,0,1002
1190,01/22/2026 03:55:58,1205,1135,338.14,0,1003
1191,01/22/2026 07:14:50,1206,1391,761.86,0,1005
1192,01/22/2026 07:16:55,1207,1391,761.86,0,1005
1193,01/22/2026 07:25:21,1208,1391,761.86,0,1005
1194,01/22/2026 08:56:27,1209,1149,1270.34,0,1005
1195,01/22/2026 12:10:45,1210,1392,761.86,0,1005
1196,01/22/2026 12:17:19,1211,1120,253.39,0,1005
1197,01/22/2026 12:54:53,1212,1391,761.86,0,1005
1198,01/22/2026 12:58:17,1213,1391,761.86,0,1005
1199,01/22/2026 14:21:57,1214,1126,338.14,0,1006
1200,01/22/2026 17:50:24,1215,1139,422.88,0,1006
1201,01/22/2026 17:52:52,1216,1139,422.88,0,1006
1202,01/22/2026 19:13:11,1217,1167,422.88,0,1006
1203,01/22/2026 20:10:12,1218,1126,338.14,0,1006
1204,01/22/2026 20:20:15,1219,1158,422.88,0,1006
1205,01/22/2026 23:06:59,1220,1121,253.39,0,1009
1206,01/22/2026 23:21:57,1221,1241,846.61,0,1002
1207,01/22/2026 23:55:32,1222,1165,422.88,0,1002
1208,01/23/2026 00:28:55,1223,1121,253.39,0,1009
1209,01/23/2026 05:47:42,1224,1130,338.14,0,1002
1210,01/23/2026 06:14:20,1225,1391,761.86,0,1005
1211,01/23/2026 07:00:07,1226,1294,846.61,84.661,1005
1212,01/23/2026 07:41:29,1227,1391,761.86,0,1005
1213,01/23/2026 08:43:16,1228,1135,338.14,0,1005
1214,01/23/2026 09:02:04,1229,1106,253.39,0,1005
1215,01/23/2026 09:56:33,1230,1391,761.86,0,1005
1216,01/23/2026 22:46:15,1231,1371,1694.07,0,1003
1217,01/24/2026 02:26:24,1232,1130,338.14,0,1002
1218,01/24/2026 08:07:21,1233,1392,761.86,0,1005
1219,01/24/2026 11:26:35,1234,1302,1016.1,0,1005
1220,01/24/2026 13:23:24,1235,1392,761.86,0,1005
1221,01/24/2026 22:16:12,1236,1056,1270.34,127.034,1002
1222,01/24/2026 22:17:06,1237,1056,1270.34,127.034,1009
1223,01/24/2026 23:51:24,1238,1056,1270.34,0,1003
1224,01/25/2026 00:19:25,1239,1219,507.63,0,1002
1225,01/25/2026 00:33:30,1240,1391,761.86,0,1009
1226,01/25/2026 00:42:54,1241,1223,592.37,0,1003
1227,01/25/2026 00:46:36,1242,1391,761.86,0,1002
1228,01/25/2026 01:55:02,1243,1392,761.86,0,1003
1229,01/25/2026 01:55:10,1244,1392,761.86,0,1009
1230,01/25/2026 02:30:22,1245,1353,1016.1,0,1002
1231,01/25/2026 02:42:34,1246,1143,422.88,0,1009
1232,01/25/2026 05:41:26,1247,1391,761.86,0,1003
1233,01/25/2026 05:44:03,1248,1392,761.86,0,1002
1234,01/25/2026 05:49:05,1249,1391,761.86,0,1009
1235,01/25/2026 07:27:13,1250,1392,761.86,0,1005
1236,01/25/2026 07:32:24,1251,1391,761.86,0,1005
1237,01/25/2026 12:34:19,1252,1392,761.86,0,1005
1238,01/25/2026 12:36:35,1253,1391,761.86,0,1005
1239,01/25/2026 22:16:48,1254,1085,2117.8,0,1006
1240,01/26/2026 00:18:45,1255,1299,931.36,93.136,1028
1241,01/26/2026 04:05:06,1256,1183,592.37,0,1028
1242,01/26/2026 06:21:30,1257,1279,677.12,0,1005
1243,01/26/2026 08:02:21,1258,1392,761.86,0,1005
1244,01/26/2026 13:45:50,1259,1392,761.86,0,1005
1245,01/26/2026 17:02:09,1260,1235,761.86,0,1003
1246,01/26/2026 17:22:00,1261,1158,422.88,0,1003
1247,01/26/2026 21:52:17,1262,1326,1270.34,0,1003
1248,01/26/2026 23:06:09,1263,1391,761.86,0,1002
1249,01/26/2026 23:07:52,1264,1391,761.86,76.186,1002
1250,01/26/2026 23:12:13,1265,1392,761.86,76.186,1002
1251,01/26/2026 23:16:42,1266,1392,761.86,76.186,1002
1252,01/26/2026 23:25:19,1267,1392,761.86,76.186,1002
1253,01/26/2026 23:32:09,1268,1219,507.63,0,1002
1254,01/27/2026 00:23:51,1269,1392,761.86,76.186,1002
1255,01/27/2026 00:27:21,1270,1392,761.86,76.186,1002
1256,01/27/2026 00:34:25,1270,1392,761.86,76.186,1002
1257,01/27/2026 00:35:09,1271,1391,761.86,0,1002
1258,01/27/2026 01:01:42,1272,1391,761.86,0,1002
1259,01/27/2026 01:11:05,1273,1391,761.86,0,1002
1260,01/27/2026 03:18:22,1274,1391,761.86,76.186,1002
1261,01/27/2026 03:23:45,1275,1392,761.86,76.186,1002
1262,01/27/2026 03:41:03,1276,1391,761.86,76.186,1002
1263,01/27/2026 04:09:20,1277,1351,931.36,0,1002
1264,01/27/2026 04:12:55,1278,1157,338.14,0,1002
1265,01/27/2026 08:03:31,1279,1192,677.12,0,1005
1266,01/27/2026 08:06:15,1280,1192,677.12,0,1005
1267,01/27/2026 18:06:41,1281,1298,931.36,0,1006
1268,01/27/2026 23:19:11,1282,1391,761.86,0,1003
1269,01/27/2026 23:23:15,1283,1392,761.86,0,1028
1270,01/27/2026 23:24:03,1284,1392,761.86,0,1002
1271,01/28/2026 00:15:18,1285,1392,761.86,0,1028
1272,01/28/2026 00:15:31,1286,1392,761.86,76.186,1002
1273,01/28/2026 00:15:36,1287,1392,761.86,0,1003
1274,01/28/2026 00:16:20,1285,1392,761.86,76.186,1028
1275,01/28/2026 00:17:37,1288,1392,761.86,76.186,1002
1276,01/28/2026 00:18:01,1289,1392,761.86,0,1003
1277,01/28/2026 00:20:24,1290,1392,761.86,76.186,1002
1278,01/28/2026 01:04:40,1291,1231,677.12,33.856,1028
1279,01/28/2026 03:39:12,1292,1235,761.86,0,1003
1280,01/28/2026 03:39:52,1293,1235,761.86,0,1002
1281,01/28/2026 06:09:53,1294,1256,931.36,0,1003
1282,01/28/2026 08:18:33,1295,1392,761.86,0,1028
1283,01/28/2026 18:10:01,1296,1183,592.37,0,1006
1284,01/28/2026 22:41:07,1297,1391,761.86,76.186,1002
1285,01/28/2026 22:41:20,1298,1391,761.86,76.186,1003
1286,01/29/2026 01:58:31,1299,1391,761.86,0,1003
1287,01/29/2026 02:54:43,1300,1392,761.86,76.186,1003
1288,01/29/2026 06:01:56,1301,1392,761.86,0,1002
1289,01/29/2026 08:24:53,1302,1391,761.86,0,1009
1290,01/29/2026 13:29:05,1303,1391,761.86,0,1009
1291,01/29/2026 14:05:25,1304,1191,677.12,0,1009
1292,01/29/2026 19:43:44,1305,1179,592.37,0,1006
1293,01/29/2026 21:13:18,1306,1228,592.37,29.6185,1006
1294,01/29/2026 21:52:31,1307,1219,507.63,50.763,1006
1295,01/29/2026 23:58:42,1297,1391,761.86,0,1002
1296,01/29/2026 23:59:28,1308,1391,761.86,0,1003
1297,01/30/2026 00:03:19,1309,1254,846.61,0,1003
1298,01/30/2026 02:08:12,1310,1294,846.61,0,1002
1299,01/30/2026 02:41:50,1311,1391,761.86,0,1003
1300,01/30/2026 03:10:25,1312,1229,677.12,0,1003
1301,01/30/2026 11:03:38,1313,1392,761.86,0,1009
1302,01/30/2026 12:02:56,1314,1392,761.86,0,1009
1303,01/30/2026 20:54:38,1315,1124,253.39,0,1006
1304,01/30/2026 23:32:51,1316,1391,761.86,0,1002
1305,01/30/2026 23:51:26,1317,1279,677.12,0,1002
1306,01/30/2026 23:53:12,1318,1279,677.12,0,1002
1307,01/31/2026 00:02:25,1319,1319,1270.34,0,1002
1308,01/31/2026 03:01:31,1320,1391,761.86,0,1002
1309,01/31/2026 06:23:34,1321,1229,677.12,0,1009
1310,01/31/2026 06:27:26,1322,1183,592.37,0,1009
1311,01/31/2026 08:49:01,1323,1202,2541.53,0,1009
1312,01/31/2026 08:49:01,1323,1202,2541.53,0,1009
1313,01/31/2026 08:49:01,1323,1202,2541.53,0,1009
1314,01/31/2026 15:18:34,1324,1312,1100.85,0,1006
1315,01/31/2026 18:48:37,1325,1167,422.88,0,1006
1316,01/31/2026 19:05:40,1326,1158,422.88,0,1006
1317,01/31/2026 21:56:53,1327,1195,846.61,0,1028
1318,01/31/2026 23:38:44,1328,1391,761.86,0,1003
1319,01/31/2026 23:40:37,1329,1391,761.86,76.186,1002
1320,01/31/2026 23:41:33,1328,1391,761.86,0,1003
1321,01/31/2026 23:55:20,1330,1219,507.63,0,1003
1322,01/31/2026 23:59:21,1331,1219,507.63,0,1002
1323,02-01-2026,1332,1341,2117.8,0,1003
1324,02-01-2026,1328,1391,761.86,0,1003
1325,02-01-2026,1333,1391,761.86,76.186,1002
1326,02-01-2026,1334,1391,761.86,76.186,1003
1327,02-01-2026,1335,1391,761.86,76.186,1002
1328,02-01-2026,1328,1391,761.86,76.186,1003
1329,02-01-2026,1336,1299,931.36,0,1002
1330,02-01-2026,1337,1391,761.86,0,1003
1331,02-01-2026,1338,1391,761.86,0,1009
1332,02-01-2026,1339,1391,761.86,0,1009
1333,02-01-2026,1340,1256,931.36,0,1002
1334,02-01-2026,1341,1254,846.61,0,1003
1335,02-01-2026,1342,1392,761.86,0,1002
1336,02-01-2026,1343,1241,846.61,0,1003
1337,02-02-2026,1344,1392,761.86,0,1003
1338,02-02-2026,1345,1225,592.37,0,1003
1339,02-02-2026,1346,1392,761.86,76.186,1002
1340,02-02-2026,1347,1391,761.86,0,1002
1341,02-02-2026,1348,1391,761.86,0,1003
1342,02-02-2026,1349,1074,1694.07,0,1003
1343,02-02-2026,1350,1122,253.39,0,1002
1344,02-02-2026,1351,1085,2117.8,0,1009
1345,02-02-2026,1352,1162,422.88,0,1009
1346,02-02-2026,1353,1178,507.63,0,1009
1347,02-02-2026,1354,1392,761.86,0,1009
1348,02-02-2026,1355,1391,761.86,0,1009
1349,02-02-2026,1356,1124,253.39,0,1006
1350,02-02-2026,1357,1124,253.39,0,1002
1351,02-02-2026,1358,1256,931.36,0,1002
1352,02-02-2026,1359,1391,761.86,0,1003
1353,02-02-2026,1360,1254,846.61,0,1003
1354,02-02-2026,1361,1391,761.86,0,1003
1355,02-03-2026,1362,1391,761.86,0,1002
1356,02-03-2026,1363,1391,761.86,0,1009
1357,02-03-2026,1364,1391,761.86,0,1009
1358,02-03-2026,1365,1392,761.86,0,1009
1359,02-03-2026,1366,1191,677.12,0,1005
1360,02-03-2026,1367,1192,677.12,0,1005
1361,02-03-2026,1368,1085,2117.8,211.78,1003
1362,02-03-2026,1369,1256,931.36,0,1003
1363,02-04-2026,1370,1244,846.61,0,1003
1364,02-04-2026,1371,1391,761.86,0,1003
1365,02-04-2026,1372,1391,761.86,0,1003
1366,02-04-2026,1373,1391,761.86,0,1003
1367,02-04-2026,1374,1391,761.86,0,1003
1368,02-04-2026,1375,1120,253.39,0,1003
1369,02-04-2026,1376,1238,846.61,0,1003
1370,02-04-2026,1377,1286,846.61,0,1005
1371,02-04-2026,1378,1105,253.39,0,1005
1372,02-04-2026,1379,1355,1100.85,0,1005
1373,02-04-2026,1380,1154,338.14,0,1005
1374,02-04-2026,1381,1391,761.86,0,1005
1375,02-04-2026,1382,1391,761.86,0,1005
1376,02-04-2026,1383,1391,761.86,0,1005
1377,02-04-2026,1384,1178,507.63,25.3815,1006
1378,02-04-2026,1385,1225,592.37,0,1006
1379,02-04-2026,1385,1219,507.63,0,1006
1380,02-04-2026,1386,1228,592.37,0,1006
1381,02-04-2026,1387,1319,1270.34,127.034,1002
1382,02-04-2026,1388,1241,846.61,0,1003
1383,02-04-2026,1389,1392,761.86,0,1003
1384,02-04-2026,1390,1225,592.37,0,1009
1385,02-05-2026,1391,1129,338.14,0,1009
1386,02-05-2026,1372,1391,761.86,0,1003
1387,02-05-2026,1392,1333,1694.07,0,1009
1388,02-05-2026,1393,1306,1016.1,0,1005
1389,02-05-2026,1394,1168,422.88,0,1006
1390,02-05-2026,1395,1164,422.88,21.144,1006
1391,02-05-2026,1396,1168,422.88,0,1002
1392,02-05-2026,1397,1093,2795.76,0,1003
1393,02-05-2026,1398,1299,931.36,0,1002
1394,02-05-2026,1399,1137,422.88,0,1003
1395,02-06-2026,1401,1321,1270.34,0,1005
1396,02-06-2026,1400,1321,1270.34,0,1005
1397,02-06-2026,1402,1074,1694.07,0,1005
1398,02-06-2026,1403,1391,761.86,0,1005
1399,02-06-2026,1404,1260,931.36,0,1006
1400,02-06-2026,1405,1392,761.86,0,1002
1401,02-07-2026,1406,1391,761.86,76.186,1002
1402,02-07-2026,1407,1093,2795.76,279.576,1002
1403,02-07-2026,1408,1120,253.39,0,1002
1404,02-07-2026,1408,1076,1694.07,0,1002
1405,02-07-2026,1409,1391,761.86,0,1002
1406,02-07-2026,1410,1391,761.86,0,1002
1407,02-07-2026,1411,1391,761.86,0,1002
1408,02-07-2026,1412,1158,422.88,0,1002
1409,02-07-2026,1413,1392,761.86,76.186,1002
1410,02-07-2026,1414,1115,253.39,0,1009
1411,02-07-2026,1415,1169,422.88,0,1003
1412,02-08-2026,1416,1392,761.86,0,1003
1413,02-08-2026,1417,1392,761.86,0,1003
1414,02-08-2026,1418,1270,1694.07,0,1003
1415,02-08-2026,1419,1188,592.37,0,1006
1416,02-08-2026,1420,1264,1100.85,0,1006
1417,02-08-2026,1421,1091,2541.53,0,1006
1418,02-08-2026,1422,1294,846.61,0,1003
1419,02-08-2026,1423,1391,761.86,0,1003
1420,02-09-2026,1424,1165,422.88,0,1006
1421,02-09-2026,1425,1392,761.86,0,1006
1422,02-09-2026,1426,1391,761.86,0,1002
1423,02-09-2026,1427,1235,761.86,0,1009
1424,02-09-2026,1428,1235,761.86,0,1009
1425,02-09-2026,1429,1168,422.88,0,1009
1426,02-09-2026,1429,1228,592.37,0,1009
1427,02-09-2026,1429,1135,338.14,0,1009
1428,02-09-2026,1429,1225,592.37,0,1009
1429,02-09-2026,1430,1137,422.88,0,1009
1430,02-09-2026,1431,1254,846.61,0,1009
1431,02-09-2026,1432,1391,761.86,0,1009
1432,02-09-2026,1433,1391,761.86,0,1009
1433,02-09-2026,1434,1392,761.86,0,1009
1434,02-10-2026,1435,1392,761.86,0,1009
1435,02-10-2026,1436,1392,761.86,0,1009
1436,02-10-2026,1437,1392,761.86,0,1009
1437,02-10-2026,1438,1392,761.86,0,1009
1438,02-10-2026,1439,1391,761.86,0,1009
1439,02-10-2026,1440,1392,761.86,0,1009
1440,02-10-2026,1441,1392,761.86,0,1009
1441,02-10-2026,1443,1213,422.88,0,1009
1442,02-10-2026,1443,1213,422.88,0,1009
1443,02-10-2026,1443,1213,422.88,0,1009
1444,02-10-2026,1443,1213,422.88,0,1009
1445,02-10-2026,1444,1235,761.86,0,1002
1446,02-10-2026,1444,1229,677.12,0,1002
1447,02-10-2026,1445,1256,931.36,0,1002
1448,02-10-2026,1446,1392,761.86,76.186,1002
1449,02-10-2026,1447,1392,761.86,76.186,1002
1450,02-10-2026,1448,1391,761.86,76.186,1002
1451,02-10-2026,1449,1391,761.86,76.186,1002
1452,02-10-2026,1450,1392,761.86,76.186,1002
1453,02-10-2026,1451,1392,761.86,0,1002
1454,02-10-2026,1452,1320,1270.34,0,1009
1455,02-10-2026,1453,1175,507.63,0,1009
1456,02-10-2026,1442,1175,507.63,0,1009
1457,02-10-2026,1454,1175,507.63,0,1009
1458,02-10-2026,1455,1392,761.86,0,1009
1459,02-10-2026,1456,1391,761.86,0,1009
1460,02-10-2026,1457,1391,761.86,0,1009
1461,02-10-2026,1458,1113,253.39,0,1009
1462,02-10-2026,1459,1271,1694.07,0,1009
1463,02-11-2026,1460,1392,761.86,0,1009
1464,02-11-2026,1461,1392,761.86,0,1009
1465,02-11-2026,1462,1391,761.86,0,1009
1466,02-11-2026,1462,1391,761.86,0,1009
1467,02-11-2026,1463,1391,761.86,0,1009
1468,02-11-2026,1464,1391,761.86,0,1009
1469,02-11-2026,1465,1391,761.86,0,1002
1470,02-11-2026,1466,1392,761.86,0,1002
1471,02-11-2026,1467,1158,422.88,0,1002
1472,02-11-2026,1468,1392,761.86,76.186,1002
1473,02-11-2026,1468,1391,761.86,76.186,1002
1474,02-11-2026,1468,1391,761.86,76.186,1002
1475,02-11-2026,1469,1147,592.37,0,1009
1476,02-11-2026,1470,1392,761.86,0,1009
1477,02-12-2026,1471,1392,761.86,0,1009
1478,02-12-2026,1472,1392,761.86,0,1009
1479,02-12-2026,1473,1392,761.86,0,1009
1480,02-12-2026,1474,1225,592.37,0,1006
1481,02-12-2026,1475,1391,761.86,0,1006
1482,02/13/2026 00:10:20,1476,1391,761.86,0,1006
1483,02/13/2026 00:22:14,1477,1169,422.88,0,1006
1484,02/13/2026 00:24:51,1477,1168,422.88,0,1006
1485,02/13/2026 00:30:47,1478,1392,761.86,0,1006
1486,02/13/2026 02:02:30,1479,1392,761.86,0,1006
1487,02/13/2026 02:59:52,1480,1324,1270.34,0,1006
1488,02/13/2026 03:01:02,1480,1076,1694.07,169.407,1006
1489,02/13/2026 06:59:01,1481,1392,761.86,0,1002
1490,02/13/2026 07:17:39,1482,1171,422.88,0,1002
1491,02/13/2026 12:25:33,1483,1165,422.88,0,1002
1492,02/13/2026 12:28:07,1484,1165,422.88,0,1002
1493,02/13/2026 14:33:05,1485,1391,761.86,0,1006
1494,02/13/2026 14:41:26,1486,1235,761.86,0,1006
1495,02/13/2026 20:00:36,1487,1173,507.63,0,1006
1496,02/13/2026 21:47:32,1488,1247,846.61,0,1006
1497,02/13/2026 22:45:44,1489,1392,761.86,0,1009
1498,02/13/2026 23:03:45,1490,1392,761.86,0,1009
1499,02/13/2026 23:04:12,1491,1392,761.86,0,1009
1500,02/13/2026 23:34:26,1492,1391,761.86,76.186,1009
1501,02/13/2026 23:41:51,1493,1294,846.61,0,1009
1502,02/14/2026 00:22:28,1494,1169,422.88,0,1009
1503,02/14/2026 00:23:02,1494,1170,422.88,0,1009
1504,02/14/2026 01:37:15,1495,1121,253.39,0,1009
1505,02/14/2026 03:03:56,1496,1391,761.86,0,1009
1506,02/14/2026 03:05:04,1497,1391,761.86,0,1009
1507,02/14/2026 04:23:32,1498,1231,677.12,0,1009
1508,02/14/2026 14:34:11,1499,1121,253.39,0,1006
1509,02/14/2026 14:36:13,1500,1391,761.86,0,1006
1510,02/14/2026 14:41:35,1501,1391,761.86,0,1006
1511,02/14/2026 16:18:21,1502,1188,592.37,0,1006
1512,02/14/2026 23:20:33,1503,1179,592.37,0,1009
1513,02/14/2026 23:35:39,1504,1113,253.39,0,1009
1514,02/15/2026 00:12:30,1505,1391,761.86,0,1009
1515,02/15/2026 00:14:58,1506,1391,761.86,0,1009
1516,02/15/2026 00:25:30,1507,1113,253.39,0,1009
1517,02/15/2026 00:31:47,1508,1124,253.39,0,1009
1518,02/15/2026 01:08:18,1509,1225,592.37,0,1009
1519,02/15/2026 01:25:53,1510,1109,253.39,0,1009
1520,02/15/2026 01:51:58,1511,1392,761.86,76.186,1009
1521,02/15/2026 01:52:58,1512,1391,761.86,76.186,1009
1522,02/15/2026 03:48:53,1513,1392,761.86,0,1009
1523,02/15/2026 03:57:20,1514,1392,761.86,0,1009
1524,02/15/2026 04:21:14,1515,1392,761.86,0,1009
1525,02/15/2026 04:35:27,1516,1147,592.37,0,1009
1526,02/15/2026 04:35:51,1517,1147,592.37,0,1009
1527,02/15/2026 05:35:11,1518,1170,422.88,0,1009
1528,02/15/2026 11:59:43,1519,1158,422.88,0,1002
1529,02/15/2026 14:18:35,1520,1392,761.86,0,1006
1530,02/15/2026 14:22:24,1521,1333,1694.07,0,1006
1531,02/15/2026 14:25:54,1522,1391,761.86,0,1006
1532,02/15/2026 19:58:48,1523,1181,592.37,0,1006
1533,02/15/2026 21:22:02,1524,1140,422.88,0,1006
1534,02/15/2026 21:42:28,1525,1140,422.88,0,1006
1535,02/15/2026 22:05:08,1526,1135,338.14,0,1006
1536,02/15/2026 22:13:17,1527,1132,338.14,0,1006
1537,02/15/2026 22:13:17,1527,1132,338.14,0,1006
1538,02/15/2026 23:35:39,1528,1392,761.86,0,1006
1539,02/15/2026 23:37:04,1529,1391,761.86,0,1006
1540,02/15/2026 23:48:57,1530,1130,338.14,0,1006
1541,02/16/2026 00:01:24,1531,1024,931.36,0,1006
1542,02/16/2026 01:47:42,1532,1167,422.88,21.144,1006
1543,02/16/2026 08:32:11,1533,1392,761.86,0,1002
1544,02/16/2026 08:35:08,1534,1392,761.86,0,1002
1545,02/16/2026 08:37:01,1535,1392,761.86,0,1002
1546,02/16/2026 08:40:27,1536,1392,761.86,0,1002
1547,02/16/2026 17:21:21,1088,1312,1100.85,0,1002
1548,02/16/2026 23:13:25,1537,1392,761.86,0,1006
1549,02/17/2026 00:23:13,1538,1231,677.12,0,1006
1550,02/17/2026 01:26:43,1539,1391,761.86,0,1006
1551,02/17/2026 01:29:26,1540,1391,761.86,76.186,1006
1552,02/17/2026 02:27:28,1541,1130,338.14,0,1006
1553,02/17/2026 06:16:37,1542,1392,761.86,0,1006
1554,02/17/2026 07:08:27,1543,1392,761.86,0,1002
1555,02/17/2026 21:25:12,1544,1117,253.39,0,1006
1556,02/17/2026 23:10:30,1545,1084,2117.8,0,1006
1557,02/17/2026 23:16:57,1546,1118,253.39,0,1006
1558,02/17/2026 23:19:14,1547,1118,253.39,0,1006
1559,02/17/2026 23:34:13,1548,1392,761.86,76.186,1006
1560,02/18/2026 01:30:46,1549,1392,761.86,0,1006
1561,02/18/2026 02:41:08,1550,1391,761.86,76.186,1006
1562,02/18/2026 06:25:08,1551,1392,761.86,0,1002
1563,02/18/2026 18:11:44,1552,1178,507.63,0,1006
1564,02/18/2026 19:11:36,1553,1249,846.61,0,1006
1565,02/18/2026 21:49:52,1554,1135,338.14,0,1006
1566,02/18/2026 22:05:10,1555,1198,931.36,0,1006
1567,02/19/2026 03:14:45,1556,1391,761.86,0,1006
1568,02/19/2026 04:49:37,1557,1392,761.86,0,1009
1569,02/19/2026 06:24:03,1558,1391,761.86,76.186,1009
1570,02/19/2026 07:48:49,1559,1169,422.88,0,1002
1571,02/19/2026 13:53:32,1560,1391,761.86,0,1002
1572,02/19/2026 14:00:50,1561,1235,761.86,0,1002
1573,02/19/2026 14:02:58,1561,1235,761.86,0,1002
1574,02/19/2026 14:08:25,1562,1391,761.86,0,1002
1575,02/19/2026 15:02:29,1563,1392,761.86,0,1006
1576,02/19/2026 16:58:31,1564,1158,422.88,0,1006
1577,02/19/2026 22:49:13,1565,1169,422.88,0,1009
1578,02/19/2026 22:51:49,1566,1169,422.88,0,1009
1579,02/19/2026 23:05:35,1567,1165,422.88,0,1009
1580,02/20/2026 00:15:23,1568,1299,931.36,0,1009
1581,02/20/2026 00:20:58,1569,1293,846.61,0,1009
1582,02/20/2026 00:59:04,1570,1299,931.36,0,1009
1583,02/20/2026 02:47:07,1571,1161,422.88,0,1009
1584,02/20/2026 07:17:30,1572,1115,253.39,0,1002
1585,02/20/2026 08:37:39,1573,1391,761.86,0,1002
1586,02/20/2026 13:05:32,1574,1202,2541.53,0,1002
1587,02/20/2026 13:43:54,1575,1256,931.36,0,1002
1588,02/20/2026 22:29:56,1576,1319,1270.34,0,1006
1589,02/20/2026 22:52:39,1577,1319,1270.34,127.034,1006
1590,02/20/2026 23:14:28,1578,1190,592.37,0,1006
1591,02/21/2026 00:17:39,1579,1298,931.36,0,1006
1592,02/21/2026 00:28:19,1580,1124,253.39,0,1006
1593,02/21/2026 00:30:37,1581,1124,253.39,0,1006
1594,02/21/2026 01:15:52,1582,1392,761.86,0,1006
1595,02/21/2026 01:47:57,1583,1158,422.88,0,1006
1596,02/21/2026 03:42:27,1584,1256,931.36,93.136,1006
1597,02/21/2026 04:03:06,1585,1391,761.86,0,1006
1598,02/21/2026 06:36:55,1586,1392,761.86,0,1009
1599,02/21/2026 06:56:00,1587,1256,931.36,0,1009
1600,02/21/2026 07:17:02,1588,1126,338.14,0,1009
1601,02/21/2026 07:35:18,1589,1392,761.86,0,1009
1602,02/21/2026 14:08:58,1590,1183,592.37,0,1006
1603,02/21/2026 14:12:38,1591,1158,422.88,0,1006
1604,02/21/2026 19:17:13,1592,1307,1100.85,110.085,1006
1605,02/21/2026 19:57:36,1593,1121,253.39,0,1006
1606,02/21/2026 21:37:38,1594,1124,253.39,0,1006
1607,02/21/2026 22:39:42,1595,1191,677.12,0,1006
1608,02/21/2026 23:05:23,1596,1392,761.86,0,1006
1609,02/22/2026 00:07:05,1597,1391,761.86,0,1006
1610,02/22/2026 00:10:15,1598,1391,761.86,0,1006
1611,02/22/2026 00:14:31,1599,1391,761.86,0,1006
1612,02/22/2026 00:40:54,1600,1392,761.86,0,1006
1613,02/22/2026 00:43:38,1600,1392,761.86,0,1006
1614,02/22/2026 00:54:03,1601,1391,761.86,0,1006
1615,02/22/2026 00:56:18,1602,1391,761.86,0,1006
1616,02/22/2026 00:59:30,1603,1392,761.86,0,1006
1617,02/22/2026 01:09:13,1604,1294,846.61,0,1006
1618,02/22/2026 01:14:59,1605,1392,761.86,0,1006
1619,02/22/2026 02:16:44,1606,1391,761.86,0,1006
1620,02/22/2026 03:50:51,1607,1391,761.86,0,1006
1621,02/22/2026 09:27:19,1608,1148,592.37,0,1002
1622,02/22/2026 17:43:58,1609,1180,592.37,0,1006
1623,02/22/2026 20:53:53,1610,1124,253.39,0,1006
1624,02/22/2026 20:56:35,1611,1124,253.39,0,1006
1625,02/22/2026 20:59:00,1612,1124,253.39,0,1006
1626,02/22/2026 21:02:08,1613,1124,253.39,0,1006
1627,02/22/2026 22:17:21,1614,1124,253.39,0,1006
1628,02/22/2026 22:17:21,1614,1124,253.39,0,1006
1629,02/22/2026 22:28:56,1615,1124,253.39,0,1006
1630,02/22/2026 22:28:56,1615,1124,253.39,0,1006
1631,02/22/2026 22:56:54,1616,1391,761.86,0,1006
1632,02/22/2026 23:36:07,1617,1392,761.86,0,1006
1633,02/23/2026 00:02:05,1612,1124,253.39,0,1006
1634,02/23/2026 00:09:08,1613,1124,253.39,0,1006
1635,02/23/2026 12:18:57,1618,1237,761.86,0,1002
1636,02/23/2026 17:32:01,1619,1183,592.37,0,1002
1637,02/23/2026 22:15:41,1620,1294,846.61,0,1009
1638,02/23/2026 22:30:16,1621,1219,507.63,0,1009
1639,02/23/2026 23:11:10,1622,1008,507.63,0,1009
1640,02/23/2026 23:17:14,1623,1135,338.14,0,1009
1641,02/23/2026 23:25:25,1624,1140,422.88,0,1009
1642,02/23/2026 23:29:01,1625,1392,761.86,0,1009
1643,02/24/2026 00:32:41,1626,1231,677.12,0,1009
1644,02/24/2026 01:35:56,1627,1325,1270.34,127.034,1009
1645,02/24/2026 02:16:41,1628,1392,761.86,0,1009
1646,02/24/2026 02:29:34,1629,1391,761.86,76.186,1009
1647,02/24/2026 02:42:21,1630,1392,761.86,76.186,1009
1648,02/24/2026 02:42:27,1631,1392,761.86,76.186,1009
1649,02/24/2026 11:28:52,1632,1175,507.63,0,1009
1650,02/24/2026 14:08:41,1633,1392,761.86,76.186,1009
1651,02/24/2026 19:32:38,1634,1266,1270.34,0,1006
1652,02/24/2026 22:28:11,1635,1391,761.86,0,1006
1653,02/24/2026 23:00:30,1636,1392,761.86,0,1006
1654,02/24/2026 23:34:54,1637,1008,507.63,0,1003
1655,02/25/2026 00:07:27,1638,1169,422.88,0,1003
1656,02/25/2026 00:08:05,1639,1225,592.37,0,1003
1657,02/25/2026 00:54:31,1640,1392,761.86,76.186,1003
1658,02/25/2026 01:21:28,1641,1116,253.39,0,1003
1659,02/25/2026 01:32:46,1642,1116,253.39,0,1003
1660,02/25/2026 01:40:03,1643,1116,253.39,0,1003
1661,02/25/2026 06:43:16,1644,1074,1694.07,169.407,1003
1662,02/25/2026 08:31:20,1645,1306,1016.1,0,1009
1663,02/25/2026 12:22:28,1646,1317,1100.85,0,1009
1664,02/25/2026 22:43:24,1647,1392,761.86,0,1003
1665,02/25/2026 22:56:44,1648,1135,338.14,0,1006
1666,02/25/2026 23:04:47,1649,1286,846.61,84.661,1003
1667,02/25/2026 23:36:55,1650,1228,592.37,0,1003
1668,02/25/2026 23:48:12,1651,1008,507.63,0,1006
1669,02/26/2026 00:18:17,1652,1108,253.39,0,1006
1670,02/26/2026 04:14:27,1653,1392,761.86,0,1006
1671,02/26/2026 09:14:24,1654,1229,677.12,0,1009
1672,02/26/2026 09:15:25,1655,1229,677.12,0,1009
1673,02/26/2026 21:58:00,1656,1241,846.61,0,1002
1674,02/26/2026 22:12:31,1657,1008,507.63,0,1002
1675,02/26/2026 22:42:21,1658,1376,2033.05,406.61,1006
1676,02/26/2026 22:51:15,1659,1241,846.61,0,1003
1677,02/26/2026 23:06:38,1660,1225,592.37,0,1006
1678,02/26/2026 23:40:21,1661,1299,931.36,0,1003
1679,02/27/2026 01:09:56,1662,1392,761.86,0,1006
1680,02/27/2026 03:16:45,1663,1126,338.14,0,1003
1681,02/27/2026 06:55:33,1664,1391,761.86,0,1004
1682,02/27/2026 06:56:49,1665,1392,761.86,0,1004
1683,02/27/2026 07:05:37,1666,1391,761.86,0,1004
1684,02/27/2026 08:02:33,1667,1391,761.86,0,1004
1685,02/27/2026 08:03:30,1668,1391,761.86,0,1004
1686,02/27/2026 08:13:01,1669,1392,761.86,76.186,1004
1687,02/27/2026 08:18:57,1670,1392,761.86,0,1004
1688,02/27/2026 09:49:59,1671,1103,253.39,0,1004
1689,02/27/2026 13:15:13,1672,1391,761.86,0,1004
1690,02/27/2026 14:25:08,1673,1391,761.86,0,1002
1691,02/27/2026 19:18:24,1674,1370,1524.58,0,1002
1692,02/27/2026 23:45:20,1675,1197,931.36,0,1003
1693,02/28/2026 01:11:40,1676,1135,338.14,0,1003
1694,02/28/2026 01:17:30,1677,1135,338.14,0,1006
1695,02/28/2026 01:25:42,1678,1135,338.14,0,1006
1696,02/28/2026 01:27:36,1679,1135,338.14,0,1006
1697,02/28/2026 01:35:42,1680,1182,592.37,0,1003
1698,02/28/2026 02:06:58,1681,1391,761.86,0,1006
1699,02/28/2026 03:40:46,1682,1391,761.86,0,1003
1700,02/28/2026 03:41:59,1683,1121,253.39,0,1006
1701,02/28/2026 03:45:21,1683,1121,253.39,0,1006
1702,02/28/2026 03:49:23,1683,1121,253.39,0,1006
1703,02/28/2026 03:51:52,1683,1170,422.88,21.144,1006
1704,02/28/2026 03:53:36,1683,1170,422.88,21.144,1003
1705,02/28/2026 03:56:34,1683,1165,422.88,0,1006
1706,02/28/2026 04:10:10,1684,1294,846.61,0,1003
1707,02/28/2026 04:29:02,1685,1172,507.63,0,1006
1708,02/28/2026 04:29:37,1686,1172,507.63,0,1003
1709,02/28/2026 05:18:05,1687,1392,761.86,0,1003
1710,02/28/2026 07:27:26,1688,1392,761.86,76.186,1009
1711,02/28/2026 07:34:34,1688,1392,761.86,76.186,1009
1712,02/28/2026 07:44:27,1689,1392,761.86,76.186,1009
1713,02/28/2026 07:47:56,1690,1392,761.86,76.186,1009
1714,02/28/2026 08:02:53,1691,1255,931.36,0,1009
1715,02/28/2026 08:05:22,1692,1129,338.14,0,1009
1716,02/28/2026 12:36:43,1693,1391,761.86,0,1009
1717,02/28/2026 13:33:53,1151,1165,422.88,42.288,1009
1718,02/28/2026 20:23:34,1694,1008,507.63,0,1002
1719,02/28/2026 22:32:08,1695,1391,761.86,0,1006
1720,02/28/2026 22:32:31,1696,1391,761.86,76.186,1006
1721,02/28/2026 22:35:53,1697,1392,761.86,0,1006
1722,02/28/2026 22:47:06,1698,1392,761.86,0,1006
1723,02/28/2026 23:38:49,1699,1391,761.86,0,1006
1724,02/28/2026 23:49:18,1700,1392,761.86,0,1006
1725,03-01-2026,1701,1294,846.61,0,1006
1726,03-01-2026,1702,1294,846.61,0,1006
1727,03-01-2026,1703,1376,2033.05,406.61,1006
1728,03-01-2026,1704,1391,761.86,0,1006
1729,03-01-2026,1705,1391,761.86,0,1006
1730,03-01-2026,1706,1391,761.86,0,1006
1731,03-01-2026,1707,1392,761.86,0,1006
1732,03-01-2026,1708,1392,761.86,0,1006
1733,03-01-2026,1709,1392,761.86,0,1006
1734,03-01-2026,1710,1392,761.86,76.186,1006
1735,03-01-2026,1711,1391,761.86,0,1009
1736,03-01-2026,1712,1391,761.86,0,1009
1737,03-01-2026,1713,1392,761.86,0,1009
1738,03-01-2026,1714,1392,761.86,76.186,1009
1739,03-01-2026,1715,1391,761.86,76.186,1009
1740,03-01-2026,1716,1392,761.86,0,1009
1741,03-01-2026,1717,1392,761.86,76.186,1002
1742,03-01-2026,1718,1008,507.63,0,1002
1743,03-01-2026,1719,1008,507.63,0,1003
1744,03-01-2026,1720,1219,507.63,0,1003
1745,03-01-2026,1721,1392,761.86,0,1003
1746,03-01-2026,1722,1392,761.86,0,1003
1747,03-01-2026,1723,1391,761.86,0,1003
1748,03-01-2026,1724,1299,931.36,0,1003
1749,03-02-2026,1725,1055,1270.34,0,1003
1750,03-02-2026,1726,1392,761.86,0,1003
1751,03-02-2026,1727,1391,761.86,76.186,1003
1752,03-02-2026,1728,1391,761.86,76.186,1003
1753,03-02-2026,1729,1392,761.86,0,1003
1754,03-02-2026,1730,1392,761.86,0,1003
1755,03-02-2026,1731,1391,761.86,0,1009
1756,03-02-2026,1732,1219,507.63,0,1006
1757,03-02-2026,1733,1008,507.63,0,1006
1758,03-02-2026,1733,1008,507.63,50.763,1006
1759,03-02-2026,1734,1219,507.63,0,1002
1760,03-03-2026,1735,1219,507.63,0,1003
1761,03-03-2026,1736,1392,761.86,0,1002
1762,03-03-2026,1737,1391,761.86,0,1003
1763,03-03-2026,1738,1391,761.86,0,1002
1764,03-03-2026,1739,1392,761.86,0,1002
1765,03-03-2026,1740,1392,761.86,0,1003
1766,03-03-2026,1741,1392,761.86,0,1003
1767,03-03-2026,1742,1392,761.86,76.186,1002
1768,03-03-2026,1743,1392,761.86,76.186,1003
1769,03-03-2026,1744,1392,761.86,0,1002
1770,03-03-2026,1745,1008,507.63,0,1006
1771,03-03-2026,1746,1008,507.63,0,1006
1772,03-03-2026,1747,1315,1100.85,0,1006
1773,03-03-2026,1748,1392,761.86,0,1003
1774,03-04-2026,1749,1392,761.86,0,1002
1775,03-04-2026,1750,1391,761.86,0,1003
1776,03-04-2026,1751,1392,761.86,0,1002
1777,03-04-2026,1752,1391,761.86,0,1003
1778,03-04-2026,1753,1391,761.86,0,1002
1779,03-04-2026,1754,1391,761.86,0,1003
1780,03-04-2026,1755,1391,761.86,0,1002
1781,03-04-2026,1756,1391,761.86,0,1003
1782,03-04-2026,1757,1391,761.86,0,1009
1783,03-04-2026,1758,1260,931.36,0,1006
1784,03-04-2026,1759,1113,253.39,0,1006
1785,03-04-2026,1760,1392,761.86,76.186,1003
1786,03-05-2026,1761,1392,761.86,76.186,1003
1787,03-05-2026,1762,1392,761.86,76.186,1003
1788,03-05-2026,1763,1167,422.88,0,1003
1789,03-05-2026,1764,1392,761.86,76.186,1003
1790,03-05-2026,1765,1392,761.86,0,1003
1791,03-05-2026,1766,1392,761.86,0,1009
1792,03-05-2026,1400,1392,761.86,76.186,1009
1793,03-05-2026,1401,1392,761.86,76.186,1009
1794,03-05-2026,1767,1008,507.63,50.763,1006
1795,03-05-2026,1768,1391,761.86,0,1002
1796,03-05-2026,1769,1392,761.86,0,1003
1797,03-05-2026,1770,1391,761.86,0,1002
1798,03-06-2026,1771,1392,761.86,0,1002
1799,03-06-2026,1771,1294,846.61,0,1003
1800,03-06-2026,1772,1167,422.88,0,1003
1801,03-06-2026,1773,1392,761.86,76.186,1009
1802,03-06-2026,1774,1392,761.86,0,1005
1803,03-06-2026,1775,1257,931.36,0,1009
1804,03-06-2026,1776,1391,761.86,0,1006
1805,03-06-2026,1777,1219,507.63,0,1002
1806,03-06-2026,1778,1219,507.63,0,1003
1807,03-06-2026,1779,1219,507.63,0,1002
1808,03-06-2026,1780,1392,761.86,0,1003
1809,03-07-2026,1781,1392,761.86,0,1002
1810,03-07-2026,1782,1008,507.63,0,1006
1811,03-07-2026,1783,1008,507.63,0,1006
1812,03-07-2026,1784,1008,507.63,50.763,1006
1813,03-07-2026,1785,1008,507.63,0,1006
1814,03-07-2026,1786,1008,507.63,0,1002
1815,03-08-2026,1787,1294,846.61,0,1002
1816,03-08-2026,1788,1130,338.14,0,1003
1817,03-08-2026,1789,1165,422.88,0,1003
1818,03-08-2026,1790,1391,761.86,0,1002
1819,03-08-2026,1791,1392,761.86,0,1003
1820,03-08-2026,1792,1392,761.86,76.186,1002
1821,03-08-2026,1793,1008,507.63,0,1002
1822,03-08-2026,1794,1231,677.12,0,1002
1823,03-08-2026,1795,1231,677.12,0,1002
1824,03-09-2026,1796,1391,761.86,0,1002
1825,03-09-2026,1796,1392,761.86,0,1002
1826,03-09-2026,1797,1220,507.63,0,1002
1827,03-09-2026,1798,1165,422.88,0,1003
1828,03-10-2026,1799,1144,422.88,0,1009
1829,03-10-2026,1800,1392,761.86,0,1009
1830,03-10-2026,1801,1391,761.86,76.186,1002
1831,03-10-2026,1802,1392,761.86,76.186,1009
1832,03-10-2026,1803,1392,761.86,76.186,1009
1833,03-10-2026,1804,1392,761.86,76.186,1002
1834,03-10-2026,1805,1391,761.86,76.186,1002
1835,03-10-2026,1806,1391,761.86,76.186,1002
1836,03-10-2026,1807,1131,338.14,0,1003
1837,03-10-2026,1808,1131,338.14,0,1003
1838,03-10-2026,1809,1131,338.14,0,1003
1839,03-10-2026,1810,1008,507.63,0,1003
1840,03-10-2026,1811,1124,253.39,0,1003
1841,03-10-2026,1812,1315,1100.85,110.085,1002
1842,03-10-2026,1813,1392,761.86,0,1002
1843,03-11-2026,1814,1231,677.12,0,1002
1844,03-11-2026,1815,1392,761.86,0,1002
1845,03-11-2026,1816,1392,761.86,0,1002
1846,03-11-2026,1817,1391,761.86,0,1002
1847,03-11-2026,1818,1391,761.86,0,1002
1848,03-11-2026,1819,1392,761.86,0,1002
1849,03-11-2026,1820,1392,761.86,0,1002
1850,03-11-2026,1821,1392,761.86,0,1005
1851,03-11-2026,1822,1191,677.12,0,1005
1852,03-11-2026,1823,1191,677.12,0,1005
1853,03-11-2026,1824,1191,677.12,0,1005
1854,03-11-2026,1825,1392,761.86,0,1009
1855,03-11-2026,1826,1008,507.63,0,1009
1856,03-11-2026,1827,1008,507.63,0,1009
1857,03-11-2026,1828,1324,1270.34,0,1009
1858,03-11-2026,1829,1319,1270.34,0,1009
1859,03-11-2026,1830,1008,507.63,0,1002
1860,03-11-2026,1831,1391,761.86,0,1002
1861,03-11-2026,1832,1392,761.86,0,1002
1862,03-11-2026,1833,1392,761.86,0,1002
1863,03-12-2026,1834,1176,507.63,0,1002
1864,03-12-2026,1835,1392,761.86,0,1002
1865,03-12-2026,1836,1333,1694.07,0,1003
1866,03-12-2026,1837,1124,253.39,0,1006
1867,03-12-2026,1838,1008,507.63,0,1006
1868,03-12-2026,1839,1219,507.63,0,1009
1869,03-12-2026,1840,1100,4236.44,0,1002
1870,03/13/2026 01:13:25,1841,1391,761.86,0,1009
1871,03/13/2026 03:21:41,1842,1391,761.86,0,1002
1872,03/13/2026 03:21:57,1843,1391,761.86,0,1009
1873,03/13/2026 03:24:49,1844,1391,761.86,0,1009
1874,03/13/2026 03:32:04,1845,1391,761.86,0,1002
1875,03/13/2026 03:53:49,1846,1392,761.86,0,1002
1876,03/13/2026 03:54:01,1847,1392,761.86,76.186,1009
1877,03/13/2026 06:05:39,1848,1165,422.88,0,1002
1878,03/13/2026 06:45:19,1849,1391,761.86,0,1005
1879,03/13/2026 09:15:23,1850,1110,253.39,0,1003
1880,03/13/2026 20:42:07,1851,1163,422.88,0,1006
1881,03/13/2026 22:55:08,1852,1149,1270.34,0,1002
1882,03/14/2026 00:24:27,1853,1241,846.61,0,1009
1883,03/14/2026 00:30:39,1853,1294,846.61,0,1009
1884,03/14/2026 02:45:31,1854,1392,761.86,0,1002
1885,03/14/2026 04:11:15,1855,1242,846.61,0,1009
1886,03/14/2026 04:20:26,1856,1242,846.61,0,1002
1887,03/14/2026 04:21:09,1857,1242,846.61,0,1009
1888,03/14/2026 11:43:35,1858,1391,761.86,0,1005
1889,03/14/2026 11:49:12,1859,1391,761.86,0,1005
1890,03/14/2026 21:38:40,1860,1137,422.88,0,1006
1891,03/14/2026 22:55:08,1861,1294,846.61,0,1002
1892,03/14/2026 23:11:37,1862,1008,507.63,50.763,1002
1893,03/14/2026 23:37:23,1863,1106,253.39,0,1002
1894,03/14/2026 23:46:45,1071,1106,253.39,0,1002
1895,03/15/2026 02:15:39,1864,1391,761.86,76.186,1002
1896,03/15/2026 02:15:47,1865,1392,761.86,76.186,1002
1897,03/15/2026 02:24:36,1866,1392,761.86,0,1002
1898,03/15/2026 03:02:17,1867,1391,761.86,76.186,1002
1899,03/15/2026 04:21:23,1868,1392,761.86,0,1002
1900,03/15/2026 05:17:19,1869,1192,677.12,0,1002
1901,03/15/2026 05:22:40,1870,1392,761.86,0,1002
1902,03/15/2026 05:43:09,1871,1391,761.86,0,1002
1903,03/15/2026 08:55:31,1872,1110,253.39,0,1003
1904,03/15/2026 22:23:28,1873,1008,507.63,50.763,1009
1905,03/15/2026 22:48:50,1874,1124,253.39,0,1009
1906,03/15/2026 23:00:57,1875,1392,761.86,0,1009
1907,03/15/2026 23:34:16,1876,1008,507.63,50.763,1009
1908,03/15/2026 23:58:13,1877,1008,507.63,50.763,1009
1909,03/16/2026 00:59:06,1878,1391,761.86,0,1009
1910,03/16/2026 02:01:32,1879,1392,761.86,0,1009
1911,03/16/2026 02:09:09,1880,1391,761.86,0,1009
1912,03/16/2026 03:13:43,1881,1183,592.37,0,1009
1913,03/16/2026 04:13:33,1882,1130,338.14,0,1009
1914,03/16/2026 06:41:34,1883,1391,761.86,0,1005
1915,03/16/2026 22:33:38,1884,1008,507.63,0,1003
1916,03/16/2026 22:46:57,1885,1124,253.39,0,1009
1917,03/16/2026 23:30:39,1886,1008,507.63,0,1003
1918,03/16/2026 23:54:21,1887,1008,507.63,0,1009
1919,03/16/2026 23:58:58,1887,1008,507.63,0,1003
1920,03/17/2026 00:46:07,1888,1391,761.86,76.186,1003
1921,03/17/2026 00:48:52,1889,1391,761.86,76.186,1003
1922,03/17/2026 01:33:01,1890,1392,761.86,76.186,1009
1923,03/17/2026 05:52:56,1891,1392,761.86,0,1009
1924,03/17/2026 05:55:48,1892,1392,761.86,76.186,1009
1925,03/17/2026 06:01:47,1893,1299,931.36,0,1003
1926,03/17/2026 09:56:08,1894,1373,1694.07,0,1002
1927,03/17/2026 09:56:57,1895,1373,1694.07,0,1005
1928,03/17/2026 14:00:47,1896,1391,761.86,0,1005
1929,03/17/2026 14:54:18,1897,1392,761.86,0,1006
1930,03/17/2026 18:50:57,1898,1281,761.86,0,1006
1931,03/18/2026 00:07:43,1899,1008,507.63,0,1006
1932,03/18/2026 00:07:43,1900,1392,761.86,0,1009
1933,03/18/2026 01:24:31,1901,1293,846.61,84.661,1003
1934,03/18/2026 02:26:49,1902,1139,422.88,0,1009
1935,03/18/2026 02:27:20,1903,1139,422.88,0,1003
1936,03/18/2026 02:43:27,1904,1391,761.86,0,1009
1937,03/18/2026 02:44:48,1905,1391,761.86,0,1003
1938,03/18/2026 02:49:54,1906,1391,761.86,76.186,1003
1939,03/18/2026 02:52:29,1907,1391,761.86,0,1003
1940,03/18/2026 03:01:28,1908,1139,422.88,0,1009
1941,03/18/2026 03:02:42,1909,1392,761.86,76.186,1003
1942,03/18/2026 03:04:28,1910,1139,422.88,0,1009
1943,03/18/2026 03:06:25,1911,1392,761.86,76.186,1003
1944,03/18/2026 03:07:43,1912,1139,422.88,0,1009
1945,03/18/2026 03:20:06,1913,1139,422.88,0,1009
1946,03/18/2026 14:15:07,1914,1392,761.86,0,1005
1947,03/18/2026 14:35:33,1915,1392,761.86,0,1002
1948,03/18/2026 14:35:58,1916,1392,761.86,0,1005
1949,03/18/2026 14:48:18,1917,1193,677.12,0,1005
1950,03/18/2026 16:26:07,1918,1193,677.12,0,1002
1951,03/18/2026 20:59:25,1919,1193,677.12,0,1005
1952,03/18/2026 23:16:30,1920,1364,1270.34,0,1009
1953,03/19/2026 01:37:57,1921,1391,761.86,0,1003
1954,03/19/2026 03:22:48,1922,1318,1185.59,0,1003
1955,03/19/2026 03:24:11,1922,1232,677.12,67.712,1009
1956,03/19/2026 08:00:43,1923,1392,761.86,0,1005
1957,03/19/2026 08:20:28,1924,1391,761.86,0,1005
1958,03/19/2026 12:20:07,1925,1392,761.86,0,1005
1959,03/19/2026 12:22:33,1926,1391,761.86,0,1005
1960,03/19/2026 12:27:32,1927,1392,761.86,0,1005
1961,03/19/2026 12:36:21,1928,1392,761.86,0,1005
1962,03/19/2026 12:59:06,1929,1391,761.86,0,1005
1963,03/19/2026 13:04:50,1930,1316,1100.85,0,1005
1964,03/19/2026 13:40:30,1931,1392,761.86,0,1005
1965,03/19/2026 14:53:08,1932,1391,761.86,76.186,1006
1966,03/19/2026 14:57:25,1933,1391,761.86,76.186,1006
1967,03/19/2026 18:19:35,1934,1131,338.14,0,1006
1968,03/19/2026 20:51:15,1935,1391,761.86,0,1006
1969,03/19/2026 22:25:48,1936,1124,253.39,0,1009
1970,03/19/2026 22:48:12,1937,1299,931.36,0,1003
1971,03/19/2026 23:48:43,1938,1392,761.86,0,1009
1972,03/20/2026 00:28:48,1939,1391,761.86,76.186,1003
1973,03/20/2026 01:16:13,1940,1167,422.88,0,1009
1974,03/20/2026 21:08:30,1941,1008,507.63,50.763,1006
1975,03/20/2026 22:37:46,1942,1219,507.63,0,1009
1976,03/20/2026 22:38:02,1943,1241,846.61,0,1003
1977,03/20/2026 23:01:39,1944,1391,761.86,76.186,1009
1978,03/20/2026 23:01:50,1945,1225,592.37,0,1003
1979,03/20/2026 23:04:32,1944,1225,592.37,0,1009
1980,03/20/2026 23:10:20,1945,1391,761.86,76.186,1003
1981,03/21/2026 00:27:27,1946,1131,338.14,0,1003
1982,03/21/2026 01:47:20,1947,1249,846.61,0,1009
1983,03/21/2026 02:04:43,1948,1339,2117.8,0,1009
1984,03/21/2026 02:28:16,1949,1392,761.86,0,1003
1985,03/21/2026 07:40:18,1950,1392,761.86,0,1005
1986,03/21/2026 07:51:00,1951,1290,846.61,0,1005
1987,03/21/2026 08:04:23,1952,1292,846.61,0,1005
1988,03/21/2026 11:19:05,1953,1294,846.61,0,1005
1989,03/22/2026 00:38:30,1954,1114,253.39,0,1009
1990,03/22/2026 03:43:37,1955,1392,761.86,0,1003
1991,03/22/2026 04:05:42,1956,1353,1016.1,0,1009
1992,03/22/2026 18:35:08,1957,1088,2287.29,0,1002
1993,03/23/2026 00:37:48,1958,1165,422.88,0,1003
1994,03/23/2026 00:47:58,1959,1203,422.88,0,1003
1995,03/23/2026 01:55:41,1960,1391,761.86,0,1003
1996,03/23/2026 02:34:09,1961,1174,507.63,0,1003
1997,03/23/2026 06:54:21,1962,1392,761.86,0,1005
1998,03/23/2026 06:58:28,1963,1392,761.86,0,1005
1999,03/23/2026 19:15:57,1965,1353,1016.1,0,1009
2000,03/23/2026 21:11:39,1966,1391,761.86,0,1006
2001,03/23/2026 21:56:16,1967,1165,422.88,0,1009
2002,03/24/2026 00:04:42,1968,1008,507.63,50.763,1002
2003,03/24/2026 00:07:31,1969,1098,2965.25,593.05,1003
2004,03/24/2026 01:34:30,1970,1392,761.86,76.186,1002
2005,03/24/2026 01:35:03,1971,1392,761.86,0,1003
2006,03/24/2026 01:37:53,1972,1392,761.86,76.186,1002
2007,03/24/2026 01:38:06,1973,1392,761.86,76.186,1003
2008,03/24/2026 01:42:45,1974,1392,761.86,76.186,1003
2009,03/24/2026 01:44:59,1975,1098,2965.25,593.05,1003
2010,03/24/2026 01:53:29,1976,1392,761.86,76.186,1003
2011,03/24/2026 02:10:29,1217,1391,761.86,0,1002
2012,03/24/2026 02:11:18,1977,1391,761.86,0,1003
2013,03/24/2026 02:17:49,1978,1391,761.86,76.186,1002
2014,03/24/2026 03:02:20,1979,1391,761.86,0,1002
2015,03/24/2026 03:02:30,1980,1391,761.86,0,1003
2016,03/24/2026 05:39:27,1981,1392,761.86,0,1002
2017,03/24/2026 08:03:39,1982,1084,2117.8,0,1005
2018,03/24/2026 21:01:29,1984,1008,507.63,50.763,1006
2019,03/24/2026 21:04:45,1985,1008,507.63,50.763,1006
2020,03/24/2026 21:07:15,1984,1008,507.63,50.763,1006
2021,03/24/2026 21:11:19,1986,1008,507.63,50.763,1006
2022,03/24/2026 21:14:06,1987,1124,253.39,0,1006
2023,03/24/2026 21:16:49,1988,1124,253.39,0,1006
2024,03/24/2026 21:45:30,1989,1392,761.86,0,1006
2025,03/24/2026 21:49:46,1990,1392,761.86,0,1006
2026,03/24/2026 21:52:45,1991,1392,761.86,0,1006
2027,03/24/2026 22:36:15,1992,1231,677.12,33.856,1003
2028,03/24/2026 22:49:47,1993,1008,507.63,0,1002
2029,03/24/2026 22:59:51,1994,1124,253.39,0,1983
2030,03/24/2026 23:18:31,1995,1392,761.86,0,1003
2031,03/24/2026 23:29:21,1996,1124,253.39,0,1002
2032,03/24/2026 23:52:29,1997,1392,761.86,0,1983
2033,03/25/2026 00:04:20,1998,1324,1270.34,127.034,1002
2034,03/25/2026 00:09:33,1999,1391,761.86,76.186,1003
2035,03/25/2026 00:10:34,2000,1391,761.86,76.186,1002
2036,03/25/2026 00:10:55,2001,1391,761.86,76.186,1983
2037,03/25/2026 01:17:11,2002,1174,507.63,0,1003
2038,03/25/2026 01:43:18,2003,1167,422.88,0,1983
2039,03/25/2026 02:07:59,2004,1392,761.86,0,1002
2040,03/25/2026 07:30:36,2005,1391,761.86,0,1964
2041,03/25/2026 14:56:33,2006,1392,761.86,76.186,1009
2042,03/25/2026 14:57:18,2007,1392,761.86,76.186,1006
2043,03/25/2026 15:03:47,2008,1391,761.86,76.186,1006
2044,03/25/2026 15:03:47,2008,1392,761.86,76.186,1006
2045,03/25/2026 15:03:47,2008,1392,761.86,76.186,1006
2046,03/25/2026 15:03:47,2008,1392,761.86,76.186,1006
2047,03/25/2026 15:07:31,2009,1392,761.86,76.186,1009
2048,03/25/2026 19:40:09,2010,1225,592.37,0,1009
2049,03/25/2026 19:40:46,2010,1008,507.63,0,1009
2050,03/25/2026 20:04:34,2011,1110,253.39,0,1006
2051,03/25/2026 20:20:49,2012,1289,846.61,0,1009
2052,03/25/2026 20:21:31,2012,1289,846.61,0,1009
2053,03/25/2026 21:22:36,2013,1135,338.14,0,1006
2054,03/25/2026 21:25:03,2014,1392,761.86,0,1006
2055,03/25/2026 21:38:27,2015,1135,338.14,0,1006
2056,03/25/2026 23:30:30,2016,1392,761.86,0,1983
2057,03/25/2026 23:34:08,2017,1391,761.86,76.186,1003
2058,03/25/2026 23:36:59,2018,1008,507.63,50.763,1002
2059,03/25/2026 23:39:23,2019,1008,507.63,50.763,1983
2060,03/25/2026 23:41:01,2020,1008,507.63,50.763,1983
2061,03/25/2026 23:43:29,2021,1391,761.86,76.186,1003
2062,03/25/2026 23:43:29,2022,1391,761.86,76.186,1002
2063,03/26/2026 02:31:15,2023,1391,761.86,0,1003
2064,03/26/2026 02:31:22,2024,1392,761.86,0,1983
2065,03/26/2026 02:38:34,2025,1391,761.86,76.186,1003
2066,03/26/2026 02:49:46,2026,1371,1694.07,338.814,1002
2067,03/26/2026 08:18:31,2027,1169,422.88,0,1964
2068,03/26/2026 11:54:52,2028,1392,761.86,0,1964
2069,03/26/2026 14:23:20,2029,1392,761.86,76.186,1006
2070,03/26/2026 14:52:04,2030,1391,761.86,76.186,1006
2071,03/26/2026 15:28:56,2031,1392,761.86,76.186,1006
2072,03/26/2026 15:29:51,2031,1392,761.86,76.186,1006
2073,03/26/2026 15:30:39,2031,1392,761.86,76.186,1006
2074,03/26/2026 15:31:44,2032,1392,761.86,76.186,1006
2075,03/26/2026 15:32:32,2032,1392,761.86,76.186,1006
2076,03/26/2026 20:52:35,2033,1169,422.88,21.144,1006
2077,03/26/2026 20:53:57,2033,1164,422.88,21.144,1006
2078,03/26/2026 22:46:18,2034,1225,592.37,0,1003
2079,03/26/2026 22:46:18,2035,1392,761.86,76.186,1983
2080,03/26/2026 22:46:18,2035,1392,761.86,76.186,1002
2081,03/26/2026 22:46:18,2036,1391,761.86,0,1003
2082,03/27/2026 04:16:31,2037,1172,507.63,0,1003
2083,03/27/2026 04:24:41,2038,1392,761.86,76.186,1983
2084,03/27/2026 04:41:27,2039,1392,761.86,76.186,1983
2085,03/27/2026 04:47:57,2040,1392,761.86,0,1002
2086,03/27/2026 14:29:36,2041,1391,761.86,0,1009
2087,03/27/2026 15:05:52,2042,1392,761.86,0,1009
2088,03/27/2026 15:06:56,2042,1392,761.86,0,1009
2089,03/27/2026 15:07:33,2042,1392,761.86,0,1009
2090,03/27/2026 15:08:01,2042,1392,761.86,0,1009
2091,03/27/2026 15:08:45,2042,1392,761.86,0,1009
2092,03/27/2026 15:09:08,2042,1392,761.86,0,1009
2093,03/27/2026 15:09:54,2042,1392,761.86,0,1009
2094,03/27/2026 15:10:16,2042,1392,761.86,0,1009
2095,03/27/2026 15:19:01,2043,1301,1016.1,203.22,1006
2096,03/27/2026 15:22:23,2044,1392,761.86,76.186,1009
2097,03/27/2026 15:43:54,2045,1392,761.86,76.186,1006
2098,03/27/2026 15:43:54,2045,1392,761.86,0,1006
2099,03/27/2026 15:43:54,2045,1392,761.86,0,1006
2100,03/27/2026 15:43:54,2045,1392,761.86,0,1006
2101,03/27/2026 15:43:54,2045,1392,761.86,0,1006
2102,03/27/2026 15:43:54,2045,1392,761.86,0,1006
2103,03/27/2026 15:43:54,2045,1392,761.86,0,1006
2104,03/27/2026 15:43:54,2045,1392,761.86,0,1006
2105,03/27/2026 15:43:54,2045,1392,761.86,0,1006
2106,03/27/2026 15:43:54,2045,1392,761.86,0,1006
2107,03/27/2026 15:43:54,2045,1392,761.86,0,1006
2108,03/27/2026 15:43:54,2045,1392,761.86,0,1006
2109,03/27/2026 15:43:54,2045,1392,761.86,0,1006
2110,03/27/2026 15:43:54,2045,1392,761.86,0,1006
2111,03/27/2026 15:43:54,2045,1392,761.86,0,1006
2112,03/27/2026 15:43:54,2045,1392,761.86,0,1006
2113,03/27/2026 15:43:54,2045,1392,761.86,0,1006
2114,03/27/2026 15:43:54,2045,1392,761.86,0,1006
2115,03/27/2026 15:43:54,2045,1392,761.86,0,1006
2116,03/27/2026 15:43:54,2045,1392,761.86,0,1006
2117,03/27/2026 21:07:55,2046,1294,846.61,0,1009
2118,03/27/2026 21:08:34,2047,1294,846.61,0,1006
2119,03/27/2026 21:13:23,2048,1117,253.39,0,1006
2120,03/27/2026 21:23:03,2049,1299,931.36,186.272,1006
2121,03/27/2026 22:03:02,2050,1219,507.63,0,1006
2122,03/27/2026 23:18:00,2051,1165,422.88,0,1983
2123,03/27/2026 23:18:30,2051,1165,422.88,0,1002
2124,03/28/2026 00:28:33,2052,1231,677.12,0,1003
2125,03/28/2026 01:16:42,2053,1391,761.86,76.186,1009
2126,03/28/2026 03:31:23,2054,1219,507.63,0,1002
2127,03/28/2026 05:22:13,2055,1170,422.88,0,1983
2128,03/28/2026 05:23:50,2055,1165,422.88,0,1983
2129,03/28/2026 07:56:53,2056,1391,761.86,0,1005
2130,03/28/2026 11:05:44,2057,1293,846.61,0,1964
2131,03/28/2026 13:40:02,2058,1391,761.86,76.186,1009
2132,03/28/2026 13:41:22,2058,1391,761.86,76.186,1009
2133,03/28/2026 13:44:31,2058,1391,761.86,76.186,1009
2134,03/28/2026 15:17:50,2059,1392,761.86,76.186,1006
2135,03/28/2026 15:25:22,2060,1391,761.86,76.186,1006
2136,03/28/2026 18:17:47,2053,1391,761.86,76.186,1009
2137,03/28/2026 20:43:37,2061,1168,422.88,0,1009
2138,03/28/2026 22:31:47,2062,1392,761.86,76.186,1002
2139,03/29/2026 00:25:43,2063,1392,761.86,76.186,1983
2140,03/29/2026 00:32:35,2064,1391,761.86,76.186,1002
2141,03/29/2026 01:09:04,2065,1122,253.39,0,1983
2142,03/29/2026 05:53:59,2066,1280,677.12,0,1983
2143,03/29/2026 14:00:35,2067,1391,761.86,76.186,1006
2144,03/29/2026 14:03:45,2068,1391,761.86,76.186,1006
2145,03/29/2026 14:05:58,2069,1391,761.86,76.186,1006
2146,03/29/2026 14:10:27,2070,1391,761.86,76.186,1006
2147,03/29/2026 14:53:32,2071,1392,761.86,76.186,1006
2148,03/29/2026 15:10:29,2072,1392,761.86,76.186,1006
2149,03/29/2026 20:25:15,2073,1008,507.63,0,1009
2150,03/29/2026 20:27:20,2073,1008,507.63,0,1006
2151,03/29/2026 21:20:07,2074,1219,507.63,0,1006
2152,03/29/2026 21:22:42,2075,1219,507.63,0,1009
2153,03/29/2026 21:52:15,2076,1165,422.88,0,1009
2154,03/29/2026 22:31:09,2077,1219,507.63,0,1002
2155,03/29/2026 22:58:49,2078,1391,761.86,0,1003
2156,03/29/2026 22:58:58,2079,1392,761.86,0,1983
2157,03/29/2026 23:19:43,2080,1279,677.12,0,1002
2158,03/29/2026 23:19:46,2080,1353,1016.1,0,1003
2159,03/29/2026 23:19:46,2081,1151,253.39,0,1983
2160,03/30/2026 00:43:36,2082,1391,761.86,0,1002
2161,03/30/2026 00:44:10,2083,1391,761.86,0,1003
2162,03/30/2026 01:55:44,2084,1391,761.86,0,1002
2163,03/30/2026 02:03:46,2085,1392,761.86,0,1003
2164,03/30/2026 03:03:21,2086,1398,2541.53,508.306,1002
2165,03/30/2026 04:01:51,2087,1392,761.86,0,1003
2166,03/30/2026 04:33:11,2088,1391,761.86,76.186,1002
2167,03/30/2026 04:33:28,2089,1392,761.86,76.186,1983
2168,03/30/2026 15:28:37,2090,1392,761.86,76.186,1006
2169,03/30/2026 15:32:14,2091,1391,761.86,76.186,1006
2170,03/30/2026 15:38:20,2091,1391,761.86,76.186,1006
2171,03/30/2026 15:38:58,2092,1392,761.86,0,1009
2172,03/30/2026 22:04:10,2094,1391,761.86,0,1006
2173,03/30/2026 22:06:07,2095,1391,761.86,0,1006
2174,03/31/2026 02:20:54,2096,1391,761.86,76.186,1003
2175,03/31/2026 03:02:09,2097,1164,422.88,0,1009
2176,03/31/2026 04:05:15,2098,1392,761.86,0,1009
2177,03/31/2026 04:24:44,2099,1392,761.86,0,1983
2178,03/31/2026 04:25:17,2099,1391,761.86,0,1983
2179,03/31/2026 06:28:35,2100,1169,422.88,0,1002
2180,03/31/2026 13:49:12,2101,1249,846.61,84.661,1006
2181,03/31/2026 14:31:52,2102,1392,761.86,76.186,1006
2182,03/31/2026 15:10:50,2103,1392,761.86,76.186,1006
2183,03/31/2026 21:33:21,2104,1391,761.86,0,1009
2184,03/31/2026 21:36:24,2105,1169,422.88,21.144,1006
2185,03/31/2026 21:53:48,2106,1293,846.61,0,1006
2186,03/31/2026 22:08:41,2107,1391,761.86,0,1009
2187,03/31/2026 23:16:20,2108,1225,592.37,0,1009
2188,03/31/2026 23:17:05,2109,1225,592.37,0,1009
2189,04-01-2026,2110,1392,761.86,76.186,1009
2190,04-01-2026,2111,1391,761.86,76.186,1983
2191,04-01-2026,2112,1391,761.86,0,1009
2192,04-01-2026,2113,1331,1439.83,143.983,1005
2193,04-01-2026,2114,1391,761.86,0,1005
2194,04-01-2026,2115,1391,761.86,0,1005
2195,04-01-2026,2116,1392,761.86,0,1002
2196,04-01-2026,2117,1392,761.86,0,1005
2197,04-01-2026,2118,1392,761.86,0,1005
2198,04-01-2026,2119,1392,761.86,0,1002
2199,04-01-2026,2120,1391,761.86,0,1005
2200,04-01-2026,2121,1391,761.86,0,1005
2201,04-01-2026,2122,1391,761.86,0,1005
2202,04-01-2026,2123,1391,761.86,0,1005
2203,04-01-2026,2124,1391,761.86,0,1005
2204,04-01-2026,2125,1391,761.86,0,1005
2205,04-01-2026,2126,1392,761.86,76.186,1002
2206,04-01-2026,2127,1391,761.86,0,1005
2207,04-01-2026,2128,1391,761.86,0,1005
2208,04-01-2026,2129,1392,761.86,76.186,1002
2209,04-01-2026,2130,1392,761.86,0,1005
2210,04-01-2026,2131,1392,761.86,76.186,1003
2211,04-01-2026,2132,1008,507.63,50.763,1964
2212,04-01-2026,2133,1124,253.39,0,1009
2213,04-02-2026,2135,1392,761.86,0,1983
2214,04-02-2026,2136,1391,761.86,76.186,1964
2215,04-02-2026,2134,1391,761.86,76.186,1983
2216,04-02-2026,2137,1152,253.39,0,1009
2217,04-02-2026,2137,1196,846.61,0,1009
2218,04-02-2026,2138,1172,507.63,0,1983
2219,04-02-2026,2139,1262,1016.1,0,1964
2220,04-02-2026,2140,1167,422.88,0,1009
2221,04-02-2026,2141,1195,846.61,84.661,1964
2222,04-02-2026,2141,1392,761.86,76.186,1983
2223,04-02-2026,2142,1191,677.12,0,1005
2224,04-02-2026,2143,1186,592.37,0,1005
2225,04-02-2026,2144,1156,338.14,0,1005
2226,04-02-2026,2145,1133,338.14,0,1005
2227,04-02-2026,2146,1391,761.86,0,1983
2228,04-02-2026,2147,1008,507.63,0,1964
2229,04-03-2026,2148,1392,761.86,76.186,1983
2230,04-03-2026,2149,1391,761.86,76.186,1964
2231,04-03-2026,2150,1392,761.86,76.186,1964
2232,04-03-2026,2151,1392,761.86,76.186,1983
2233,04-03-2026,2152,1391,761.86,0,1964
2234,04-03-2026,2153,1392,761.86,0,1983
2235,04-03-2026,2154,1391,761.86,0,1964
2236,04-03-2026,2155,1392,761.86,0,1983
2237,04-03-2026,2156,1392,761.86,76.186,1983
2238,04-03-2026,2157,1392,761.86,76.186,1964
2239,04-03-2026,2158,1130,338.14,0,1964
2240,04-03-2026,2159,1391,761.86,76.186,1964
2241,04-03-2026,2160,1391,761.86,76.186,1983
2242,04-03-2026,2161,1392,761.86,0,1005
2243,04-03-2026,2162,1131,338.14,0,1005
2244,04-03-2026,2163,1131,338.14,0,1002
2245,04-03-2026,2164,1131,338.14,0,1005
2246,04-03-2026,2165,1131,338.14,0,1005
2247,04-03-2026,2166,1391,761.86,76.186,1006
2248,04-03-2026,2167,1391,761.86,76.186,1006
2249,04-03-2026,2168,1131,338.14,0,1002
2250,04-03-2026,2169,1131,338.14,0,1002
2251,04-03-2026,2168,1131,338.14,0,1002
2252,04-03-2026,2170,1131,338.14,0,1006
2253,04-03-2026,2171,1008,507.63,50.763,1003
2254,04-03-2026,2172,1008,507.63,50.763,1006
2255,04-03-2026,2173,1008,507.63,50.763,1003
2256,04-03-2026,2174,1008,507.63,50.763,1003
2257,04-03-2026,2173,1008,507.63,50.763,1003
2258,04-03-2026,2175,1225,592.37,0,1009
2259,04-03-2026,2176,1392,761.86,0,1964
2260,04-03-2026,2177,1391,761.86,0,1009
2261,04-03-2026,2178,1131,338.14,0,1005
2262,04-03-2026,2179,1391,761.86,76.186,1009
2263,04-03-2026,2180,1391,761.86,76.186,1009
2264,04-03-2026,2181,1213,422.88,21.144,1006
2265,04-04-2026,2182,1353,1016.1,0,1964
2266,04-04-2026,2183,1391,761.86,0,1009
2267,04-04-2026,2184,1392,761.86,0,1964
2268,04-04-2026,2185,1392,761.86,0,1009
2269,04-04-2026,2186,1392,761.86,0,1964
2270,04-04-2026,2187,1392,761.86,0,1009
2271,04-04-2026,2188,1242,846.61,0,1964
2272,04-04-2026,2189,1202,2541.53,0,1005
2273,04-04-2026,2190,1131,338.14,0,1002
2274,04-04-2026,2191,1131,338.14,0,1005
2275,04-04-2026,2192,1131,338.14,0,1005
2276,04-04-2026,2193,1131,338.14,0,1002
2277,04-04-2026,2194,1392,761.86,76.186,1006
2278,04-04-2026,2195,1392,761.86,76.186,1006
2279,04-04-2026,2196,1391,761.86,76.186,1006
2280,04-04-2026,2196,1391,761.86,76.186,1006
2281,04-04-2026,2197,1392,761.86,0,1006
2282,04-04-2026,2198,1396,2456.78,0,1003
2283,04-04-2026,2199,1294,846.61,0,1006
2284,04-04-2026,2200,1165,422.88,0,1006
2285,04-04-2026,2201,1168,422.88,0,1003
2286,04-04-2026,2202,1165,422.88,0,1009
2287,04-04-2026,2203,1294,846.61,0,1964
2288,04-04-2026,2204,1392,761.86,76.186,1009
2289,04-04-2026,2205,1131,338.14,0,1983
2290,04-05-2026,2206,1231,677.12,0,1983
2291,04-05-2026,2207,1192,677.12,0,1964
2292,04-05-2026,2208,1225,592.37,0,1964
2293,04-05-2026,2209,1392,761.86,0,1983
2294,04-05-2026,1401,1250,846.61,0,1964
2295,04-05-2026,1568,1299,931.36,0,1964
2296,04-05-2026,2210,1008,507.63,0,1983
2297,04-06-2026,2211,1274,2117.8,0,1983
2298,04-06-2026,2212,1392,761.86,76.186,1006
2299,04-06-2026,2213,1392,761.86,76.186,1006
2300,04-06-2026,2214,1131,338.14,0,1005
2301,04-06-2026,2162,1131,338.14,0,1005
2302,04-06-2026,2215,1131,338.14,0,1005
2303,04-06-2026,2216,1131,338.14,0,1005
2304,04-06-2026,2217,1131,338.14,0,1005
2305,04-06-2026,2218,1131,338.14,0,1005
2306,04-06-2026,2219,1131,338.14,0,1006
2307,04-06-2026,2220,1392,761.86,76.186,1006
2308,04-06-2026,2221,1131,338.14,0,1005
2309,04-06-2026,2222,1228,592.37,0,1006
2310,04-06-2026,2223,1130,338.14,0,1003
2311,04-06-2026,2224,1391,761.86,0,1964
2312,04-06-2026,2225,1214,422.88,0,1002
2313,04-07-2026,2226,1392,761.86,76.186,1003
2314,04-07-2026,2227,1137,422.88,0,1006
2315,04-07-2026,2228,1246,846.61,0,1983
2316,04-07-2026,2229,1265,1185.59,0,1006
2317,04-07-2026,2230,1227,592.37,0,1983
2318,04-07-2026,2231,1379,2541.53,0,1964
2319,04-07-2026,2232,1391,761.86,0,1002
2320,04-08-2026,2233,1294,846.61,0,1964
2321,04-08-2026,2234,1391,761.86,0,1002
2322,04-08-2026,2235,1392,761.86,76.186,1003
2323,04-08-2026,2236,1193,677.12,0,1009
2324,04-08-2026,2237,1361,1270.34,0,1005
2325,04-08-2026,2238,1110,253.39,0,1009
2326,04-08-2026,2239,1170,422.88,21.144,1006
2327,04-08-2026,2240,1391,761.86,76.186,1006
2328,04-08-2026,2241,1298,931.36,0,1983
2329,04-08-2026,2241,1251,846.61,0,1983
2330,04-08-2026,2242,1298,931.36,93.136,1006
2331,04-08-2026,2241,1298,931.36,0,1983
2332,04-08-2026,2243,1008,507.63,0,1006
2333,04-09-2026,2244,1391,761.86,0,1002
2334,04-09-2026,2245,1130,338.14,0,1964
2335,04-09-2026,2246,1290,846.61,0,1005
2336,04-09-2026,2247,1192,677.12,0,1005
2337,04-09-2026,2248,1227,592.37,0,1005
2338,04-09-2026,2249,1391,761.86,0,1005
2339,04-09-2026,2250,1391,761.86,76.186,1006
2340,04-09-2026,2251,1391,761.86,76.186,1006
2341,04-09-2026,2252,1391,761.86,76.186,1006
2342,04-09-2026,2253,1392,761.86,76.186,1983
2343,04-09-2026,2254,1391,761.86,0,1006
2344,04-09-2026,2255,1113,253.39,0,1006
2345,04-09-2026,2256,1391,761.86,76.186,1983
2346,04-09-2026,2257,1124,253.39,0,1003
2347,04-09-2026,1901,1391,761.86,76.186,1002
2348,04-09-2026,2258,1391,761.86,76.186,1964
2349,04-10-2026,2259,1392,761.86,0,1983
2350,04-10-2026,2260,1392,761.86,0,1002
2351,04-10-2026,2261,1392,761.86,0,1002
2352,04-10-2026,2262,1392,761.86,0,1964
2353,04-10-2026,2263,1392,761.86,76.186,1003
2354,04-10-2026,2264,1392,761.86,76.186,1003
2355,04-10-2026,1219,1165,422.88,0,1002
2356,04-10-2026,2265,1392,761.86,76.186,1964
2357,04-10-2026,2266,1392,761.86,76.186,1003
2358,04-10-2026,2267,1392,761.86,76.186,1002
2359,04-10-2026,2268,1392,761.86,76.186,1964
2360,04-10-2026,2269,1392,761.86,0,1964
2361,04-10-2026,2270,1392,761.86,76.186,1003
2362,04-10-2026,2271,1277,592.37,0,1009
2363,04-10-2026,2273,1281,761.86,0,1005
2364,04-10-2026,2272,1243,846.61,0,1009
2365,04-10-2026,2274,1391,761.86,0,1005
2366,04-10-2026,2275,1392,761.86,76.186,1005
2367,04-10-2026,2276,1392,761.86,76.186,1009
2368,04-10-2026,2277,1391,761.86,76.186,1005
2369,04-10-2026,2278,1391,761.86,76.186,1009
2370,04-10-2026,2279,1298,931.36,0,1983
2371,04-10-2026,2280,1298,931.36,0,1983
2372,04-10-2026,2281,1228,592.37,0,1983
2373,04-10-2026,2282,1132,338.14,0,1983
2374,04-10-2026,2283,1391,761.86,0,1003
2375,04-10-2026,2284,1391,761.86,0,1002
2376,04-10-2026,2285,1106,253.39,0,1964
2377,04-10-2026,2286,1392,761.86,0,1003
2378,04-11-2026,2287,1392,761.86,76.186,1964
2379,04-11-2026,2288,1392,761.86,0,1002
2380,04-11-2026,2289,1391,761.86,0,1003
2381,04-11-2026,2290,1392,761.86,0,1964
2382,04-11-2026,2291,1391,761.86,0,1003
2383,04-11-2026,2292,1391,761.86,0,1964
2384,04-11-2026,2293,1110,253.39,0,1002
2385,04-11-2026,2294,1392,761.86,0,1003
2386,04-11-2026,2293,1110,253.39,0,1002
2387,04-11-2026,2295,1391,761.86,0,1002
2388,04-11-2026,2296,1154,338.14,0,1005
2389,04-11-2026,2297,1154,338.14,0,1009
2390,04-11-2026,2298,1363,1270.34,127.034,1005
2391,04-11-2026,2299,1391,761.86,0,1009
2392,04-11-2026,2300,1392,761.86,0,1005
2393,04-11-2026,2300,1392,761.86,76.186,1009
2394,04-11-2026,2301,1391,761.86,76.186,1006
2395,04-11-2026,2302,1392,761.86,76.186,1006
2396,04-11-2026,2303,1392,761.86,76.186,1006
2397,04-11-2026,2304,1131,338.14,0,1006
2398,04-11-2026,2305,1008,507.63,50.763,1006
2399,04-11-2026,2306,1132,338.14,0,1006
2400,04-11-2026,2307,1391,761.86,76.186,1006
2401,04-11-2026,2308,1124,253.39,0,1964
2402,04-11-2026,2309,1124,253.39,0,1003
2403,04-11-2026,2310,1391,761.86,0,1964
2404,04-12-2026,2311,1225,592.37,0,1002
2405,04-12-2026,2312,1169,422.88,0,1964
2406,04-12-2026,2313,1392,761.86,76.186,1003
2407,04-12-2026,2314,1183,592.37,0,1964
2408,04-12-2026,2315,1110,253.39,0,1003
2409,04-12-2026,2315,1110,253.39,0,1002
2410,04-12-2026,2316,1392,761.86,76.186,1006
2411,04-12-2026,2317,1391,761.86,76.186,1006
2412,04-12-2026,2318,1391,761.86,76.186,1006
2413,04-12-2026,2319,1392,761.86,76.186,1006
2414,04-12-2026,2320,1392,761.86,76.186,1006
2415,04-12-2026,2321,1392,761.86,76.186,1983
2416,04-12-2026,2322,1392,761.86,76.186,1983
2417,04-12-2026,2323,1392,761.86,76.186,1983
2418,04-12-2026,2324,1392,761.86,76.186,1983
2419,04-12-2026,2325,1392,761.86,76.186,1983
2420,04-12-2026,2326,1391,761.86,0,1983
2421,04-12-2026,2327,1124,253.39,0,1983
2422,04-12-2026,2328,1165,422.88,0,1983
2423,04-12-2026,2329,1392,761.86,76.186,1002
2424,04-12-2026,2330,1391,761.86,76.186,1964
2425,04/13/2026 01:36:09,2331,1392,761.86,76.186,1002
2426,04/13/2026 02:22:27,2332,1391,761.86,76.186,1002
2427,04/13/2026 02:23:11,2333,1391,761.86,76.186,1964
2428,04/13/2026 02:26:20,2334,1391,761.86,76.186,1002
2429,04/13/2026 02:26:58,2335,1391,761.86,76.186,1964
2430,04/13/2026 03:50:37,2336,1392,761.86,0,1002
2431,04/13/2026 03:51:25,2337,1392,761.86,0,1964
2432,04/13/2026 04:58:53,2338,1391,761.86,76.186,1964
2433,04/13/2026 07:37:31,2339,1202,2541.53,0,1005
2434,04/13/2026 12:25:34,2340,1391,761.86,0,1005
2435,04/13/2026 14:10:33,2341,1391,761.86,76.186,1006
2436,04/13/2026 15:20:33,2342,1391,761.86,76.186,1006
2437,04/13/2026 15:31:59,2343,1392,761.86,76.186,1006
2438,04/13/2026 15:34:10,2344,1392,761.86,76.186,1006
2439,04/13/2026 15:35:47,2345,1391,761.86,76.186,1006
2440,04/13/2026 17:39:55,2346,1370,1524.58,0,1006
2441,04/13/2026 17:45:25,2347,1298,931.36,0,1006
2442,04/13/2026 20:57:32,2348,1362,1270.34,254.068,1006
2443,04/13/2026 21:07:39,2348,1249,846.61,84.661,1006
2444,04/13/2026 21:11:18,2348,1378,2117.8,423.56,1006
2445,04/13/2026 21:30:58,2349,1392,761.86,76.186,1006
2446,04/13/2026 22:04:47,2350,1131,338.14,0,1002
2447,04/13/2026 23:55:23,2351,1392,761.86,76.186,1983
2448,04/13/2026 23:55:28,2352,1391,761.86,76.186,1009
2449,04/14/2026 01:26:56,2353,1335,1694.07,0,1002
2450,04/14/2026 02:38:41,2354,1391,761.86,0,1983
2451,04/14/2026 12:42:54,2355,1392,761.86,76.186,1006
2452,04/14/2026 12:46:20,2356,1392,761.86,76.186,1006
2453,04/14/2026 12:49:01,2357,1392,761.86,76.186,1006
2454,04/14/2026 12:50:24,2358,1392,761.86,76.186,1006
2455,04/14/2026 13:53:55,2359,1391,761.86,76.186,1006
2456,04/14/2026 13:59:15,2360,1391,761.86,76.186,1006
2457,04/14/2026 15:05:58,2361,1391,761.86,76.186,1006
2458,04/14/2026 15:07:44,2362,1391,761.86,76.186,1006
2459,04/14/2026 15:09:23,2363,1391,761.86,76.186,1006
2460,04/14/2026 15:10:59,2363,1392,761.86,76.186,1006
2461,04/14/2026 16:29:33,2364,1258,931.36,0,1964
2462,04/14/2026 18:37:07,2365,1131,338.14,0,1964
2463,04/14/2026 20:40:08,2366,1169,422.88,0,1964
2464,04/14/2026 21:31:05,2367,1124,253.39,0,1964
2465,04/14/2026 23:12:32,2368,1137,422.88,0,1009
2466,04/14/2026 23:53:40,2369,1391,761.86,76.186,1983
2467,04/15/2026 01:07:29,2368,1153,338.14,0,1002
2468,04/15/2026 01:11:42,2370,1392,761.86,76.186,1002
2469,04/15/2026 01:49:15,2371,1391,761.86,0,1983
2470,04/15/2026 02:31:32,2372,1392,761.86,0,1002
2471,04/15/2026 03:06:26,2373,1391,761.86,0,1002
2472,04/15/2026 03:07:28,2374,1391,761.86,76.186,1009
2473,04/15/2026 03:07:47,2375,1391,761.86,76.186,1983
2474,04/15/2026 10:27:16,2376,1392,761.86,0,1003
2475,04/15/2026 12:13:04,2377,1391,761.86,0,1003
2476,04/15/2026 13:13:47,2378,1391,761.86,76.186,1003
2477,04/15/2026 13:16:36,2379,1391,761.86,76.186,1003
2478,04/15/2026 13:57:35,2380,1391,761.86,76.186,1003
2479,04/15/2026 14:38:19,2381,1391,761.86,0,1006
2480,04/15/2026 14:41:26,2382,1392,761.86,76.186,1964
2481,04/15/2026 14:57:54,2383,1392,761.86,76.186,1006
2482,04/15/2026 15:03:27,2384,1391,761.86,76.186,1964
2483,04/15/2026 15:07:27,2385,1392,761.86,76.186,1006
2484,04/15/2026 15:07:58,2384,1392,761.86,76.186,1964
2485,04/15/2026 15:26:42,2386,1392,761.86,0,1006
2486,04/15/2026 20:00:09,2387,1164,422.88,0,1006
2487,04/15/2026 21:06:15,2388,1132,338.14,0,1006
2488,04/15/2026 22:14:56,2389,1165,422.88,0,1964
2489,04/16/2026 04:46:11,2390,1116,253.39,0,1009
2490,04/16/2026 12:56:01,2391,1391,761.86,76.186,1004
2491,04/16/2026 13:53:22,2392,1392,761.86,76.186,1006
2492,04/16/2026 14:31:40,2393,1191,677.12,0,1964
2493,04/16/2026 14:37:07,2394,1191,677.12,0,1006
2494,04/16/2026 15:18:41,2395,1391,761.86,0,1006
2495,04/16/2026 20:06:33,2396,1165,422.88,0,1006
2496,04/16/2026 21:20:30,2397,1357,1270.34,127.034,1964
2497,04/16/2026 21:34:04,2398,1392,761.86,76.186,1006
2498,04/16/2026 21:35:18,2399,1392,761.86,0,1006
2499,04/16/2026 21:59:51,2400,1214,422.88,0,1964
2500,04/16/2026 22:31:35,2401,1298,931.36,0,1002
2501,04/17/2026 00:14:00,2402,1391,761.86,76.186,1002
2502,04/17/2026 00:14:27,2403,1391,761.86,76.186,1009
2503,04/17/2026 00:41:37,2404,1392,761.86,76.186,1002
2504,04/17/2026 00:51:11,2405,1392,761.86,76.186,1009
2505,04/17/2026 00:55:24,2406,1392,761.86,76.186,1983
2506,04/17/2026 01:01:06,2407,1392,761.86,76.186,1983
2507,04/17/2026 01:05:49,2408,1392,761.86,76.186,1983
2508,04/17/2026 01:10:58,2409,1392,761.86,76.186,1983
2509,04/17/2026 01:51:53,2410,1392,761.86,76.186,1983
2510,04/17/2026 05:47:26,2411,1113,253.39,0,1009
2511,04/17/2026 11:53:56,2412,1392,761.86,76.186,1004
2512,04/17/2026 13:32:49,2413,1392,761.86,0,1006
2513,04/17/2026 13:49:05,2414,1391,761.86,0,1006
2514,04/17/2026 13:50:11,2415,1392,761.86,0,1006
2515,04/17/2026 14:50:39,2416,1391,761.86,76.186,1006
2516,04/17/2026 16:03:33,2417,1391,761.86,0,1006
2517,04/17/2026 16:03:37,2418,1391,761.86,0,1964
2518,04/17/2026 17:11:11,2419,1131,338.14,0,1964
2519,04/17/2026 19:45:55,2420,1322,1270.34,254.068,1964
2520,04/17/2026 21:24:40,2421,1353,1016.1,101.61,1964
2521,04/17/2026 23:48:47,2422,1391,761.86,76.186,1009
2522,04/17/2026 23:57:08,2423,1219,507.63,0,1002
2523,04/18/2026 02:19:13,2424,1353,1016.1,0,1983
2524,04/18/2026 10:52:25,2425,1391,761.86,0,1005
2525,04/18/2026 12:33:41,2426,1159,422.88,0,1006
2526,04/18/2026 13:39:40,2427,1391,761.86,0,1005
2527,04/18/2026 14:50:57,2428,1392,761.86,0,1006
2528,04/18/2026 15:10:52,2429,1391,761.86,76.186,1006
2529,04/18/2026 18:03:34,2430,1298,931.36,0,1964
2530,04/18/2026 18:18:22,2431,1280,677.12,0,1006
2531,04/18/2026 20:19:55,2432,1173,507.63,25.3815,1006
2532,04/18/2026 20:43:58,2433,1267,1270.34,0,1964
2533,04/18/2026 21:53:16,2434,1141,422.88,0,1964
2534,04/18/2026 21:59:36,2435,1141,422.88,0,1964
2535,04/18/2026 22:04:29,2436,1137,422.88,0,1964
2536,04/18/2026 23:40:21,2437,1008,507.63,50.763,1002
2537,04/18/2026 23:44:49,2438,1008,507.63,0,1009
2538,04/19/2026 00:05:16,2439,1391,761.86,0,1983
2539,04/19/2026 00:10:03,2440,1008,507.63,0,1002
2540,04/19/2026 00:23:46,2441,1114,253.39,0,1009
2541,04/19/2026 00:24:25,2442,1114,253.39,0,1983
2542,04/19/2026 02:05:34,2443,1391,761.86,0,1983
2543,04/19/2026 02:07:41,2444,1294,846.61,0,1009
2544,04/19/2026 02:18:36,2445,1056,1270.34,0,1983
2545,04/19/2026 02:28:31,2446,1392,761.86,0,1002
2546,04/19/2026 02:30:05,2447,1130,338.14,0,1009
2547,04/19/2026 05:37:19,2448,1392,761.86,0,1002
2548,04/19/2026 08:25:04,2449,1122,253.39,0,1005
2549,04/19/2026 08:48:27,2450,1270,1694.07,338.814,1005
2550,04/19/2026 08:57:41,2451,1173,507.63,0,1005
2551,04/19/2026 09:18:36,2452,1193,677.12,0,1005
2552,04/19/2026 11:27:10,2453,1392,761.86,0,1005
2553,04/19/2026 11:30:12,2454,1392,761.86,0,1005
2554,04/19/2026 11:32:58,2455,1392,761.86,0,1005
2555,04/19/2026 11:36:30,2456,1392,761.86,0,1005
2556,04/19/2026 11:39:33,2457,1391,761.86,0,1005
2557,04/19/2026 11:41:14,2458,1391,761.86,0,1005
2558,04/19/2026 11:43:10,2459,1392,761.86,0,1005
2559,04/19/2026 11:47:48,2460,1392,761.86,0,1005
2560,04/19/2026 14:47:43,2461,1391,761.86,76.186,1006
2561,04/19/2026 15:04:26,2462,1391,761.86,76.186,1006
2562,04/19/2026 20:33:58,2463,1178,507.63,25.3815,1006
2563,04/19/2026 21:10:34,2464,1129,338.14,0,1006
2564,04/19/2026 22:08:48,2465,1131,338.14,0,1006
2565,04/19/2026 22:10:36,2466,1131,338.14,0,1006
2566,04/19/2026 23:24:36,2467,1391,761.86,0,1983
2567,04/19/2026 23:25:17,2468,1391,761.86,0,1006
2568,04/19/2026 23:46:41,2469,1138,422.88,0,1983
2569,04/19/2026 23:56:27,2470,1008,507.63,0,1983
2570,04/20/2026 00:51:17,2471,1360,1270.34,0,1983
2571,04/20/2026 01:09:20,2472,1392,761.86,76.186,1983
2572,04/20/2026 01:16:06,2473,1008,507.63,0,1983
2573,04/20/2026 01:27:56,2474,1008,507.63,0,1983
2574,04/20/2026 01:42:22,2475,1008,507.63,0,1983
2575,04/20/2026 01:49:47,2476,1008,507.63,0,1983
2576,04/20/2026 02:10:47,2477,1008,507.63,0,1983
2577,04/20/2026 04:55:19,2478,1391,761.86,76.186,1983
2578,04/20/2026 18:16:03,2479,1131,338.14,0,1009
2579,04/20/2026 18:16:59,2480,1131,338.14,0,1009
2580,04/20/2026 20:41:58,2481,1135,338.14,0,1009
2581,04/21/2026 01:40:06,2482,1391,761.86,76.186,1964
2582,04/21/2026 01:41:04,2483,1392,761.86,76.186,1003
2583,04/21/2026 01:41:34,2484,1392,761.86,76.186,1983
2584,04/21/2026 01:55:33,2485,1165,422.88,0,1003
2585,04/21/2026 01:56:24,2486,1165,422.88,0,1964
2586,04/21/2026 03:31:47,2487,1294,846.61,84.661,1964
2587,04/21/2026 03:39:27,2488,1319,1270.34,254.068,1983
2588,04/21/2026 04:09:21,2489,1391,761.86,0,1003
2589,04/21/2026 05:49:40,2490,1150,1694.07,0,1964
2590,04/21/2026 05:50:27,2491,1150,1694.07,0,1003
2591,04/21/2026 05:53:02,2492,1150,1694.07,0,1983
2592,04/21/2026 05:55:27,2493,1150,1694.07,0,1983
2593,04/21/2026 14:16:55,2494,1392,761.86,0,1009
2594,04/21/2026 14:28:26,2495,1191,677.12,0,1006
2595,04/21/2026 15:01:36,2496,1106,253.39,0,1009
2596,04/21/2026 15:13:03,2497,1391,761.86,0,1006
2597,04/21/2026 15:19:29,2498,1391,761.86,0,1006
2598,04/21/2026 15:30:26,2499,1392,761.86,0,1006
2599,04/21/2026 15:37:29,2497,1392,761.86,76.186,1009
2600,04/21/2026 15:38:18,2497,1392,761.86,76.186,1009
2601,04/21/2026 17:39:18,2500,1175,507.63,0,1009
2602,04/21/2026 18:02:42,2501,1131,338.14,0,1006
2603,04/21/2026 21:50:13,2502,1294,846.61,84.661,1006
2604,04/21/2026 23:26:19,2503,1392,761.86,76.186,1003
2605,04/21/2026 23:27:21,2504,1392,761.86,76.186,1964
2606,04/22/2026 01:21:26,2505,1391,761.86,0,1964
2607,04/22/2026 01:28:26,2506,1124,253.39,0,1003
2608,04/22/2026 05:10:09,2507,1391,761.86,0,1003
2609,04/22/2026 11:18:57,2508,1131,338.14,0,1005
2610,04/22/2026 11:23:42,2509,1131,338.14,0,1005
2611,04/22/2026 11:28:08,2510,1131,338.14,0,1005
2612,04/22/2026 11:35:46,2511,1131,338.14,0,1005
2613,04/22/2026 11:38:30,2510,1131,338.14,0,1005
2614,04/22/2026 11:41:16,2512,1131,338.14,0,1005
2615,04/22/2026 11:45:01,2513,1131,338.14,0,1005
2616,04/22/2026 11:50:06,2514,1131,338.14,0,1005
2617,04/22/2026 11:53:31,2515,1131,338.14,0,1005
2618,04/22/2026 14:25:19,2516,1392,761.86,76.186,1006
2619,04/22/2026 14:48:08,2517,1391,761.86,0,1006
2620,04/22/2026 15:01:22,2518,1391,761.86,76.186,1006
2621,04/22/2026 15:09:40,2519,1392,761.86,0,1006
2622,04/22/2026 15:38:21,2520,1392,761.86,76.186,1006
2623,04/22/2026 15:41:09,2521,1392,761.86,76.186,1006
2624,04/22/2026 15:42:49,2522,1392,761.86,76.186,1006
2625,04/22/2026 22:54:48,2523,1165,422.88,0,1964
2626,04/22/2026 22:55:02,2524,1165,422.88,0,1003
2627,04/22/2026 23:57:30,2525,1391,761.86,0,1964
2628,04/23/2026 00:24:11,2526,1392,761.86,76.186,1983
2629,04/23/2026 02:40:33,2527,1105,253.39,0,1003
2630,04/23/2026 02:44:04,2528,1288,846.61,0,1983
2631,04/23/2026 05:23:15,2529,1391,761.86,0,1964
2632,04/23/2026 10:00:45,2530,1165,422.88,0,1005
2633,04/23/2026 15:08:18,2531,1392,761.86,76.186,1006
2634,04/23/2026 15:16:35,2532,1391,761.86,76.186,1006
2635,04/23/2026 15:37:03,2533,1392,761.86,76.186,1006
2636,04/23/2026 15:46:26,2534,1392,761.86,0,1006
2637,04/23/2026 15:53:38,2535,1391,761.86,76.186,1009
2638,04/23/2026 16:26:01,2536,1392,761.86,0,1009
2639,04/23/2026 16:27:24,2536,1392,761.86,0,1009
2640,04/23/2026 17:06:23,2537,1392,761.86,0,1006
2641,04/23/2026 18:45:30,2538,1131,338.14,0,1009
2642,04/23/2026 18:50:27,2539,1131,338.14,0,1009
2643,04/23/2026 20:01:05,2540,1110,253.39,0,1006
2644,04/23/2026 20:39:58,2541,1008,507.63,0,1006
2645,04/23/2026 20:59:18,2542,1131,338.14,0,1009
2646,04/23/2026 21:11:40,2543,1008,507.63,0,1006
2647,04/23/2026 21:25:41,2544,1008,507.63,50.763,1009
2648,04/23/2026 21:26:21,2545,1008,507.63,0,1006
2649,04/23/2026 21:39:40,2546,1165,422.88,0,1009
2650,04/23/2026 22:04:14,2547,1131,338.14,0,1009
2651,04/23/2026 22:09:23,2548,1008,507.63,50.763,1009
2652,04/24/2026 01:19:01,2549,1392,761.86,76.186,1964
2653,04/24/2026 01:25:16,2550,1392,761.86,76.186,1964
2654,04/24/2026 01:25:16,2551,1391,761.86,76.186,1003
2655,04/24/2026 01:52:26,2552,1165,422.88,0,1003
2656,04/24/2026 02:08:12,2553,1392,761.86,76.186,1983
2657,04/24/2026 02:33:21,2554,1165,422.88,0,1983
2658,04/24/2026 02:50:11,2555,1391,761.86,76.186,1983
2659,04/24/2026 02:50:48,2556,1391,761.86,76.186,1003
2660,04/24/2026 02:51:05,2557,1392,761.86,76.186,1964
2661,04/24/2026 02:53:33,2558,1391,761.86,76.186,1003
2662,04/24/2026 02:54:35,2559,1391,761.86,76.186,1983
2663,04/24/2026 03:08:39,2560,1292,846.61,0,1003
2664,04/24/2026 03:28:00,2561,1391,761.86,76.186,1964
2665,04/24/2026 03:28:08,2562,1392,761.86,76.186,1003
2666,04/24/2026 04:01:21,2563,1391,761.86,76.186,1964
2667,04/24/2026 04:24:45,2564,1392,761.86,76.186,1983
2668,04/24/2026 04:28:47,2565,1392,761.86,76.186,1983
2669,04/24/2026 04:36:57,2566,1392,761.86,0,1003
2670,04/24/2026 04:42:02,2567,1392,761.86,0,1983
2671,04/24/2026 05:09:35,2568,1391,761.86,0,1964
2672,04/24/2026 05:10:28,2569,1392,761.86,0,1003
2673,04/24/2026 12:14:52,2570,1392,761.86,0,1005
2674,04/24/2026 13:22:05,2571,1392,761.86,0,1005
2675,04/24/2026 14:49:50,2572,1392,761.86,0,1006
2676,04/24/2026 14:58:30,2573,1391,761.86,76.186,1006
2677,04/24/2026 15:02:46,2574,1392,761.86,0,1006
2678,04/24/2026 15:14:27,2575,1391,761.86,76.186,1006
2679,04/24/2026 15:16:57,2576,1391,761.86,76.186,1006
2680,04/24/2026 15:22:49,2577,1391,761.86,0,1006
2681,04/24/2026 15:33:41,2578,1392,761.86,0,1006
2682,04/24/2026 20:49:27,2579,1294,846.61,84.661,1009
2683,04/24/2026 21:05:36,2580,1131,338.14,0,1006
2684,04/24/2026 21:24:55,2581,1131,338.14,0,1009
2685,04/24/2026 21:45:54,2582,1391,761.86,0,1006
2686,04/24/2026 21:46:23,2583,1050,1100.85,110.085,1009
2687,04/24/2026 21:55:47,2584,1119,253.39,0,1006
2688,04/24/2026 21:56:31,2585,1131,338.14,0,1009
2689,04/24/2026 22:04:43,2586,1131,338.14,0,1006
2690,04/24/2026 22:27:03,2587,1131,338.14,0,1983
2691,04/25/2026 00:00:16,2588,1391,761.86,0,1964
2692,04/25/2026 00:00:28,2589,1391,761.86,0,1983
2693,04/25/2026 00:02:53,2590,1391,761.86,0,1003
2694,04/25/2026 00:15:17,2591,1391,761.86,0,1964
2695,04/25/2026 00:26:51,2592,1392,761.86,0,1964
2696,04/25/2026 00:35:41,2593,1392,761.86,0,1003
2697,04/25/2026 00:42:09,2594,1392,761.86,0,1983
2698,04/25/2026 01:41:44,2595,1130,338.14,0,1003
2699,04/25/2026 01:51:11,2596,1392,761.86,0,1964
2700,04/25/2026 02:03:35,2597,1391,761.86,0,1003
2701,04/25/2026 03:05:23,2598,1391,761.86,76.186,1983
2702,04/25/2026 03:09:35,2599,1391,761.86,0,1003
2703,04/25/2026 03:22:50,2600,1391,761.86,0,1003
2704,04/25/2026 03:23:47,2601,1392,761.86,0,1964
2705,04/25/2026 03:30:45,2602,1038,1016.1,0,1003
2706,04/25/2026 03:30:45,2603,1038,1016.1,0,1964
2707,04/25/2026 03:50:24,2604,1392,761.86,76.186,1983
2708,04/25/2026 03:55:15,2605,1392,761.86,0,1983
2709,04/25/2026 04:10:22,2606,1391,761.86,0,1983
2710,04/25/2026 13:36:41,2607,1159,422.88,0,1006
2711,04/25/2026 14:38:42,2608,1392,761.86,0,1005
2712,04/25/2026 14:51:36,2609,1391,761.86,0,1009
2713,04/25/2026 14:58:40,2610,1391,761.86,76.186,1009
2714,04/25/2026 15:02:29,2611,1392,761.86,0,1006
2715,04/25/2026 15:07:54,2612,1391,761.86,76.186,1009
2716,04/25/2026 15:10:35,2613,1391,761.86,76.186,1009
2717,04/25/2026 15:11:54,2614,1392,761.86,0,1006
2718,04/25/2026 15:18:54,2615,1391,761.86,76.186,1006
2719,04/25/2026 15:37:23,2616,1392,761.86,0,1006
2720,04/25/2026 15:51:30,2617,1392,761.86,0,1006
2721,04/25/2026 17:44:32,2618,1131,338.14,0,1006
2722,04/25/2026 20:16:47,2619,1008,507.63,0,1006
2723,04/25/2026 20:26:03,2620,1008,507.63,50.763,1009
2724,04/25/2026 21:00:25,2621,1221,592.37,0,1009
2725,04/25/2026 21:31:59,2622,1050,1100.85,110.085,1009
2726,04/25/2026 21:33:52,2623,1050,1100.85,110.085,1009
2727,04/25/2026 21:51:58,2624,1137,422.88,0,1009
2728,04/25/2026 21:52:09,2625,1137,422.88,0,1006
2729,04/26/2026 00:55:28,2627,1392,761.86,76.186,1964
2730,04/26/2026 00:59:56,2628,1392,761.86,76.186,1983
2731,04/26/2026 03:12:00,2629,1392,761.86,76.186,1003
2732,04/26/2026 03:12:53,2626,1124,253.39,0,1964
2733,04/26/2026 03:25:05,2630,1300,931.36,0,1003
2734,04/26/2026 03:46:43,2631,1392,761.86,0,1983
2735,04/26/2026 05:10:19,2632,1391,761.86,0,1964
2736,04/26/2026 05:20:01,2633,1015,761.86,0,1003
2737,04/26/2026 14:46:37,2634,1391,761.86,76.186,1006
2738,04/26/2026 14:55:30,2635,1392,761.86,0,1006
2739,04/26/2026 15:05:58,2636,1392,761.86,0,1006
2740,04/26/2026 15:07:32,2637,1392,761.86,0,1006
2741,04/26/2026 15:16:49,2638,1392,761.86,0,1006
2742,04/26/2026 15:18:42,2639,1392,761.86,0,1006
2743,04/26/2026 15:20:17,2640,1392,761.86,0,1006
2744,04/26/2026 16:04:50,2641,1392,761.86,0,1006
2745,04/26/2026 16:06:40,2635,1392,761.86,0,1006
2746,04/26/2026 17:48:46,2642,1131,338.14,0,1006
2747,04/26/2026 19:30:36,2643,1126,338.14,0,1006
2748,04/26/2026 21:22:03,2644,1142,422.88,0,1006
2749,04/26/2026 21:43:17,2645,1132,338.14,0,1006
2750,04/26/2026 21:56:07,2646,1038,1016.1,101.61,1006
2751,04/26/2026 22:09:29,2647,1064,1355.08,135.508,1006
2752,04/26/2026 22:19:10,2648,1064,1355.08,135.508,1003
2753,04/26/2026 22:20:33,2649,1219,507.63,0,1964
2754,04/26/2026 22:29:13,2650,1392,761.86,76.186,1983
2755,04/26/2026 23:32:05,2651,1105,253.39,0,1003
2756,04/26/2026 23:57:48,2652,1391,761.86,0,1983
2757,04/27/2026 00:33:51,2653,1391,761.86,76.186,1003
2758,04/27/2026 00:34:19,2654,1391,761.86,0,1964
2759,04/27/2026 00:35:50,2655,1391,761.86,0,1983
2760,04/27/2026 00:36:53,2656,1391,761.86,0,1964
2761,04/27/2026 00:38:05,2657,1391,761.86,0,1003
2762,04/27/2026 00:41:02,2658,1391,761.86,0,1983
2763,04/27/2026 00:41:09,2659,1391,761.86,76.186,1964
2764,04/27/2026 01:07:32,2660,1226,592.37,0,1003
2765,04/27/2026 02:33:59,2661,1391,761.86,0,1003
2766,04/27/2026 02:34:21,2662,1064,1355.08,135.508,1983
2767,04/27/2026 02:34:29,2663,1064,1355.08,135.508,1964
2768,04/27/2026 03:05:09,2664,1391,761.86,76.186,1983
2769,04/27/2026 04:15:24,2665,1172,507.63,0,1964
2770,04/27/2026 04:24:35,2666,1064,1355.08,0,1003
2771,04/27/2026 05:13:34,2667,1391,761.86,76.186,1983
2772,04/27/2026 14:17:38,2668,1392,761.86,0,1005
2773,04/27/2026 15:54:43,2669,1392,761.86,0,1002
2774,04/27/2026 16:33:40,2670,1064,1355.08,0,1002
2775,04/27/2026 21:20:27,2671,1028,931.36,0,1005
2776,04/27/2026 21:22:22,2671,1028,931.36,0,1005
2777,04/27/2026 21:30:44,2671,1028,931.36,0,1005
2778,04/27/2026 22:02:31,2672,1294,846.61,0,1002
2779,04/27/2026 22:21:23,2673,1008,507.63,0,1983
2780,04/27/2026 22:31:51,2671,1218,507.63,0,1002
2781,04/27/2026 22:53:17,2674,1392,761.86,0,1003
2782,04/27/2026 23:02:52,2675,1008,507.63,0,1964
2783,04/27/2026 23:03:19,2676,1008,507.63,0,1003
2784,04/27/2026 23:07:33,2677,1008,507.63,0,1964
2785,04/28/2026 00:07:54,2678,1391,761.86,76.186,1006
2786,04/28/2026 01:06:03,2679,1165,422.88,0,1983
2787,04/28/2026 01:58:12,2680,1392,761.86,0,1003
2788,04/28/2026 02:03:31,2681,1391,761.86,0,1964
2789,04/28/2026 02:10:40,2682,1391,761.86,76.186,1003
2790,04/28/2026 02:14:33,2683,1391,761.86,0,1964
2791,04/28/2026 02:14:51,2684,1391,761.86,0,1983
2792,04/28/2026 02:22:37,2685,1392,761.86,0,1983
2793,04/28/2026 02:54:54,2686,1392,761.86,0,1003
2794,04/28/2026 02:54:58,2687,1392,761.86,0,1964
2795,04/28/2026 03:02:52,2688,1391,761.86,0,1003
2796,04/28/2026 04:13:24,2689,1158,422.88,0,1003
2797,04/28/2026 04:15:18,2690,1158,422.88,0,1964
2798,04/28/2026 04:16:33,2691,1158,422.88,0,1983
2799,04/28/2026 04:21:38,2692,1391,761.86,0,1003
2800,04/28/2026 11:21:59,2693,1391,761.86,152.372,1009
2801,04/28/2026 13:39:30,2694,1391,761.86,152.372,1009
2802,04/28/2026 14:54:21,2695,1392,761.86,0,1006
2803,04/28/2026 14:55:50,2696,1392,761.86,0,1006
2804,04/28/2026 15:01:37,2697,1277,592.37,29.6185,1006
2805,04/28/2026 15:21:57,2698,1391,761.86,152.372,1006
2806,04/28/2026 15:36:04,2699,1392,761.86,0,1006
2807,04/28/2026 16:01:18,2700,1134,338.14,0,1002
2808,04/28/2026 21:04:24,2701,1137,422.88,0,1006
2809,04/28/2026 21:24:21,2702,1391,761.86,0,1002
2810,04/28/2026 21:43:51,2703,1392,761.86,0,1002
2811,04/28/2026 21:54:49,2704,1392,761.86,76.186,1002
2812,04/28/2026 22:39:57,2705,1219,507.63,0,1964
2813,04/28/2026 22:42:47,2706,1151,253.39,0,1983
2814,04/28/2026 23:02:40,2707,1282,761.86,0,1964
2815,04/28/2026 23:02:55,2708,1282,761.86,0,1983
2816,04/29/2026 00:14:37,2709,1219,507.63,0,1964
2817,04/29/2026 00:15:46,2710,1165,422.88,0,1983
2818,04/29/2026 00:17:52,2711,1165,422.88,0,1964
2819,04/29/2026 00:22:10,2712,1165,422.88,0,1983
2820,04/29/2026 00:44:42,2713,1009,592.37,0,1964
2821,04/29/2026 00:48:59,2714,1394,2117.8,211.78,1983
2822,04/29/2026 01:03:40,2715,1009,592.37,0,1983
2823,04/29/2026 01:06:32,2713,1009,592.37,0,1964
2824,04/29/2026 01:56:59,2716,1038,1016.1,0,1964
2825,04/29/2026 02:33:15,2717,1391,761.86,0,1983
2826,04/29/2026 04:07:17,2718,1038,1016.1,101.61,1964
2827,04/29/2026 04:12:24,2719,1038,1016.1,101.61,1983
2828,04/29/2026 04:18:00,2720,1038,1016.1,0,1964
2829,04/29/2026 04:21:31,2721,1038,1016.1,0,1983
2830,04/29/2026 04:29:54,2722,1038,1016.1,0,1964
2831,04/29/2026 04:30:59,2723,1038,1016.1,0,1983
2832,04/29/2026 04:54:29,2724,1391,761.86,0,1964
2833,04/29/2026 06:12:12,2725,1391,761.86,76.186,1009
2834,04/29/2026 13:40:07,2726,1391,761.86,152.372,1009
2835,04/29/2026 13:40:49,2727,1391,761.86,152.372,1009
2836,04/29/2026 13:41:34,2728,1391,761.86,152.372,1009
2837,04/29/2026 14:39:52,2729,1391,761.86,0,1002
2838,04/29/2026 14:57:11,2730,1391,761.86,152.372,1006
2839,04/29/2026 15:03:24,2731,1391,761.86,0,1002
2840,04/29/2026 20:29:35,2732,1353,1016.1,0,1006
2841,04/29/2026 20:54:10,2733,1351,931.36,0,1005
2842,04/29/2026 21:53:48,2734,1130,338.14,0,1005
2843,04/30/2026 00:15:01,2735,1364,1270.34,0,1003
2844,04/30/2026 00:38:15,2736,1029,931.36,0,1003
2845,04/30/2026 02:53:01,2737,1088,2287.29,228.729,1003
2846,04/30/2026 02:56:21,2738,1088,2287.29,228.729,1003
2847,04/30/2026 05:51:48,2739,1392,761.86,0,1003
2848,04/30/2026 06:08:55,2740,1056,1270.34,127.034,1009
2849,04/30/2026 08:40:28,2741,1183,592.37,29.6185,1009
2850,04/30/2026 08:46:12,2742,1126,338.14,0,1009
2851,04/30/2026 09:56:29,2743,1152,253.39,0,1009
2852,04/30/2026 10:41:21,2744,1391,761.86,76.186,1003
2853,04/30/2026 14:57:58,2745,1392,761.86,152.372,1006
2854,04/30/2026 15:08:25,2746,1391,761.86,76.186,1006
2855,04/30/2026 15:18:27,2747,1015,761.86,0,1983
2856,04/30/2026 15:27:08,2748,1392,761.86,76.186,1006
2857,04/30/2026 17:51:39,2749,1131,338.14,0,1006
2858,04/30/2026 20:47:30,2750,1028,931.36,93.136,1006
2859,04/30/2026 21:11:38,2751,1282,761.86,0,1002
2860,04/30/2026 21:41:03,1080,1208,422.88,0,1006
2861,04/30/2026 22:11:06,2752,1028,931.36,0,1004
2862,05-01-2026,2753,1392,761.86,0,1983
2863,05-01-2026,2753,1392,761.86,0,1983
2864,05-01-2026,2754,1392,761.86,0,1983
2865,05-01-2026,2755,1353,1016.1,0,1983
2866,05-01-2026,2756,1401,3134.75,0,1983
2867,05-01-2026,2757,1391,761.86,0,1983
2868,05-01-2026,2758,1110,253.39,0,1983
2869,05-01-2026,2759,1110,253.39,0,1983
2870,05-01-2026,2760,1392,761.86,0,1006
2871,05-01-2026,2761,1391,761.86,0,1006
2872,05-01-2026,2762,1392,761.86,0,1006
2873,05-01-2026,2763,1378,2117.8,0,1006
2874,05-01-2026,2764,1391,761.86,0,1964
2875,05-01-2026,2765,1050,1100.85,0,1006
2876,05-01-2026,2766,1392,761.86,0,1006
2877,05-01-2026,2767,1008,507.63,0,1006
2878,05-01-2026,2768,1064,1355.08,0,1006
2879,05-01-2026,2769,1132,338.14,0,1006
2880,05-01-2026,2770,1391,761.86,0,1964
2881,05-01-2026,2771,1324,1270.34,0,1964
2882,05-01-2026,2772,1008,507.63,0,1964
2883,05-01-2026,2773,1102,253.39,0,1964
2884,05-01-2026,2774,1110,253.39,0,1964
2885,05-02-2026,2775,1391,761.86,0,1964
2886,05-02-2026,2776,1391,761.86,0,1964
2887,05-02-2026,2777,1110,253.39,0,1964
2888,05-02-2026,2778,1392,761.86,0,1964
2889,05-02-2026,2779,1391,761.86,0,1964
2890,05-02-2026,2780,1392,761.86,0,1964
2891,05-02-2026,2781,1392,761.86,0,1964
2892,05-02-2026,2782,1131,338.14,0,1009
2893,05-02-2026,2783,1392,761.86,0,1009
2894,05-02-2026,2784,1392,761.86,0,1009
2895,05-02-2026,2784,1392,761.86,0,1009
2896,05-02-2026,2784,1392,761.86,0,1009
2897,05-02-2026,2784,1392,761.86,0,1009
2898,05-02-2026,2784,1392,761.86,0,1009
2899,05-02-2026,2784,1392,761.86,0,1009
2900,05-02-2026,2785,1392,761.86,0,1006
2901,05-02-2026,2786,1391,761.86,0,1006
2902,05-02-2026,2787,1391,761.86,0,1006
2903,05-02-2026,2788,1391,761.86,0,1006
2904,05-02-2026,2789,1391,761.86,0,1006
2905,05-02-2026,2790,1392,761.86,0,1006
2906,05-02-2026,2791,1392,761.86,0,1006
2907,05-02-2026,2792,1392,761.86,0,1006
2908,05-02-2026,2793,1392,761.86,0,1006
2909,05-02-2026,2794,1392,761.86,0,1006
2910,05-02-2026,2795,1392,761.86,0,1006
2911,05-02-2026,2796,1131,338.14,0,1964
2912,05-02-2026,2797,1070,1439.83,0,1006
2913,05-03-2026,2798,1391,761.86,0,1983
2914,05-03-2026,2799,1353,1016.1,0,1983
2915,05-03-2026,2799,1353,1016.1,0,1983
2916,05-03-2026,2799,1353,1016.1,0,1983
2917,05-03-2026,2800,1038,1016.1,0,1983
2918,05-03-2026,2801,1110,253.39,0,1983
2919,05-03-2026,2802,1110,253.39,0,1964
2920,05-03-2026,2803,1392,761.86,0,1006
2921,05-03-2026,2804,1392,761.86,0,1006
2922,05-03-2026,2805,1391,761.86,0,1006
2923,05-03-2026,2806,1392,761.86,0,1006
2924,05-03-2026,2807,1219,507.63,0,1006
2925,05-04-2026,2808,1391,761.86,0,1009
2926,05-04-2026,2809,1391,761.86,0,1983
2927,05-04-2026,2810,1277,592.37,0,1983
2928,05-04-2026,2811,1391,761.86,0,1983
2929,05-04-2026,2812,1392,761.86,0,1009
2930,05-04-2026,2813,1391,761.86,0,1983
2931,05-04-2026,2813,1391,761.86,0,1009
2932,05-04-2026,2814,1392,761.86,0,1983
2933,05-04-2026,2476,1392,761.86,0,1983
2934,05-04-2026,2815,1008,507.63,0,1964
2935,05-04-2026,2816,1391,761.86,0,1964
2936,05-04-2026,2817,1392,761.86,0,1006
2937,05-04-2026,2818,1392,761.86,0,1006
2938,05-04-2026,2819,1392,761.86,0,1006
2939,05-04-2026,2820,1391,761.86,0,1006
2940,05-04-2026,2821,1392,761.86,0,1006
2941,05-04-2026,2822,1392,761.86,0,1006
2942,05-04-2026,2823,1392,761.86,0,1006
2943,05-04-2026,2824,1392,761.86,0,1006
2944,05-04-2026,2825,1131,338.14,0,1006
2945,05-04-2026,2826,1131,338.14,0,1006
2946,05-04-2026,2827,1234,761.86,0,1006
2947,05-04-2026,2828,1124,253.39,0,1006
2948,05-04-2026,2829,1064,1355.08,0,1006
2949,05-04-2026,2830,1028,931.36,0,1006
2950,05-04-2026,2831,1124,253.39,0,1006
2951,05-04-2026,2832,1056,1270.34,0,1009
2952,05-04-2026,2832,1130,338.14,0,1009
2953,05-04-2026,2832,1056,1270.34,0,1983
2954,05-05-2026,2833,1028,931.36,0,1009
2955,05-05-2026,2833,1028,931.36,0,1009
2956,05-05-2026,2834,1070,1439.83,0,1983
2957,05-05-2026,2835,1300,931.36,0,1009
2958,05-05-2026,2836,1300,931.36,0,1009
2959,05-05-2026,2837,1300,931.36,0,1983
2960,05-05-2026,2836,1300,931.36,0,1009
2961,05-05-2026,2836,1300,931.36,0,1983
2962,05-05-2026,2838,1392,761.86,0,1983
2963,05-05-2026,2839,1392,761.86,0,1009
2964,05-05-2026,2840,1392,761.86,0,1983
2965,05-05-2026,2841,1392,761.86,0,1983
2966,05-05-2026,2842,1364,1270.34,0,1964
2967,05-05-2026,2843,1205,422.88,0,1964
2968,05-05-2026,2844,1392,761.86,0,1006
2969,05-05-2026,2845,1391,761.86,152.372,1006
2970,05-05-2026,2846,1391,761.86,152.372,1006
2971,05-05-2026,2847,1391,761.86,0,1006
2972,05-05-2026,2848,1391,761.86,152.372,1006
2973,05-05-2026,2849,1392,761.86,0,1006
2974,05-05-2026,2850,1392,761.86,0,1006
2975,05-05-2026,2851,1392,761.86,0,1006
2976,05-05-2026,2852,1124,253.39,0,1006
2977,05-05-2026,2853,1124,253.39,0,1006
2978,05-05-2026,2854,1142,422.88,0,1006
2979,05-05-2026,2855,1391,761.86,152.372,1006
2980,05-05-2026,2856,1064,1355.08,0,1006
2981,05-05-2026,2857,1131,338.14,0,1006
2982,05-05-2026,2858,1106,253.39,0,1006
2983,05-05-2026,2859,1038,1016.1,0,1009
2984,05-05-2026,2855,1392,761.86,76.186,1009
2985,05-06-2026,2860,1122,253.39,0,1009
2986,05-06-2026,2861,1392,761.86,0,1009
2987,05-06-2026,2862,1392,761.86,0,1009
2988,05-06-2026,2863,1391,761.86,76.186,1009
2989,05-06-2026,2864,1172,507.63,0,1009
2990,05-06-2026,2865,1392,761.86,0,1009
2991,05-06-2026,2866,1392,761.86,0,1009
2992,05-06-2026,2867,1392,761.86,0,1009
2993,05-06-2026,2868,1330,1439.83,0,1002
2994,05-06-2026,2869,1130,338.14,0,1002
2995,05-06-2026,2870,1050,1100.85,110.085,1964
2996,05-06-2026,2871,1379,2541.53,0,1009
2997,05-07-2026,2872,1131,338.14,0,1964
2998,05-07-2026,2873,1391,761.86,76.186,1983
2999,05-07-2026,2874,1131,338.14,0,1009
3000,05-07-2026,2875,1172,507.63,0,1983
3001,05-07-2026,2876,1100,4236.44,0,1983
3002,05-07-2026,2877,1392,761.86,0,1964
3003,05-07-2026,2878,1324,1270.34,0,1009
3004,05-07-2026,2879,1392,761.86,0,1983
3005,05-07-2026,2880,1095,2880.51,0,1964
3006,05-07-2026,2881,1124,253.39,0,1006
3007,05-07-2026,2882,1392,761.86,76.186,1983
3008,05-07-2026,2883,1294,846.61,84.661,1964
3009,05-07-2026,2884,1392,761.86,76.186,1964
3010,05-08-2026,2885,1392,761.86,0,1006
3011,05-08-2026,2886,1392,761.86,0,1006
3012,05-08-2026,2887,1392,761.86,0,1006
3013,05-08-2026,2888,1392,761.86,0,1006
3014,05-08-2026,2889,1392,761.86,0,1006
3015,05-08-2026,2890,1392,761.86,0,1006
3016,05-08-2026,2891,1392,761.86,0,1006
3017,05-08-2026,2892,1086,2117.8,0,1964
3018,05-08-2026,2477,1110,253.39,0,1983
3019,05-08-2026,2893,1391,761.86,0,1964
3020,05-08-2026,2894,1376,2033.05,203.305,1003
3021,05-08-2026,2895,1110,253.39,0,1003
3022,05-08-2026,2896,1124,253.39,0,1005
3023,05-08-2026,2897,1391,761.86,0,1005
3024,05-08-2026,2898,1392,761.86,0,1006
3025,05-08-2026,2899,1392,761.86,0,1006
3026,05-08-2026,2900,1392,761.86,0,1006
3027,05-08-2026,2901,1392,761.86,0,1006
3028,05-08-2026,2902,1391,761.86,152.372,1006
3029,05-08-2026,2903,1392,761.86,0,1006
3030,05-08-2026,2904,1392,761.86,0,1006
3031,05-08-2026,2905,1392,761.86,0,1005
3032,05-08-2026,2906,1392,761.86,0,1005
3033,05-08-2026,2907,1131,338.14,0,1006
3034,05-08-2026,2907,1131,338.14,0,1006
3035,05-08-2026,2908,1131,338.14,0,1006
3036,05-08-2026,2909,1394,2117.8,0,1964
3037,05-08-2026,2910,1124,253.39,0,1964
3038,05-09-2026,2911,1151,253.39,0,1002
3039,05-09-2026,2912,1132,338.14,0,1002
3040,05-09-2026,2913,1124,253.39,0,1002
3041,05-09-2026,2914,1391,761.86,0,1964
3042,05-09-2026,2915,1131,338.14,0,1006
3043,05-09-2026,2916,1124,253.39,0,1002
3044,05-09-2026,2917,1124,253.39,0,1964
3045,05-09-2026,2918,1200,1270.34,0,1964
3046,05-09-2026,2919,1392,761.86,76.186,1964
3047,05-09-2026,2920,1392,761.86,76.186,1002
3048,05-09-2026,2921,1391,761.86,76.186,1964
3049,05-09-2026,2922,1300,931.36,0,1002
3050,05-09-2026,2923,1392,761.86,76.186,1964
3051,05-09-2026,2924,1392,761.86,76.186,1002
3052,05-09-2026,2925,1165,422.88,0,1983
3053,05-09-2026,2926,1114,253.39,0,1983
3054,05-09-2026,2927,1114,253.39,0,1983
3055,05-09-2026,2928,1114,253.39,0,1983
3056,05-09-2026,2929,1392,761.86,0,1983
3057,05-09-2026,2930,1130,338.14,0,1002
3058,05-09-2026,2931,1391,761.86,0,1983
3059,05-09-2026,2932,1391,761.86,0,1983
3060,05-09-2026,2093,1277,592.37,29.6185,1006
3061,05-09-2026,2933,1392,761.86,0,1006
3062,05-09-2026,2934,1392,761.86,0,1006
3063,05-09-2026,2935,1392,761.86,0,1006
3064,05-09-2026,2936,1392,761.86,0,1006
3065,05-09-2026,2937,1391,761.86,0,1006
3066,05-09-2026,2938,1392,761.86,0,1006
3067,05-09-2026,2939,1392,761.86,152.372,1006
3068,05-09-2026,2940,1392,761.86,0,1006
3069,05-09-2026,2941,1392,761.86,0,1006
3070,05-09-2026,2942,1392,761.86,0,1006
3071,05-09-2026,2943,1392,761.86,0,1005
3072,05-09-2026,2943,1392,761.86,0,1005
3073,05-09-2026,2943,1392,761.86,0,1005
3074,05-09-2026,2943,1392,761.86,0,1005
3075,05-09-2026,2943,1392,761.86,0,1005
3076,05-09-2026,2943,1392,761.86,0,1005
3077,05-09-2026,2943,1392,761.86,0,1005
3078,05-09-2026,2943,1392,761.86,0,1005
3079,05-09-2026,2944,1076,1694.07,0,1983
3080,05-09-2026,1245,1279,677.12,0,1964
3081,05-09-2026,2945,1391,761.86,0,1002
3082,05-09-2026,2946,1391,761.86,0,1964
3083,05-10-2026,2947,1008,507.63,0,1002
3084,05-10-2026,2948,1009,592.37,0,1983
3085,05-10-2026,2949,1392,761.86,76.186,1964
3086,05-10-2026,2949,1392,761.86,76.186,1002
3087,05-10-2026,2950,1391,761.86,0,1964
3088,05-10-2026,2951,1050,1100.85,0,1003
3089,05-10-2026,2952,1219,507.63,0,1003
3090,05-10-2026,2953,1130,338.14,0,1003
3091,05-10-2026,2953,1130,338.14,0,1003
3092,05-10-2026,2953,1130,338.14,0,1003
3093,05-10-2026,2954,1391,761.86,0,1003
3094,05-10-2026,2955,1333,1694.07,0,1003
3095,05-10-2026,2956,1391,761.86,0,1006
3096,05-10-2026,2957,1391,761.86,0,1006
3097,05-10-2026,2958,1391,761.86,0,1006
3098,05-10-2026,2959,1391,761.86,0,1006
3099,05-10-2026,2960,1392,761.86,0,1006
3100,05-10-2026,2961,1392,761.86,0,1006
3101,05-10-2026,2962,1392,761.86,0,1006
3102,05-10-2026,2963,1376,2033.05,203.305,1005
3103,05-10-2026,2964,1392,761.86,0,1005
3104,05-10-2026,2965,1392,761.86,0,1005
3105,05-10-2026,2965,1392,761.86,0,1005
3106,05-10-2026,2965,1392,761.86,0,1005
3107,05-10-2026,2965,1392,761.86,0,1005
3108,05-10-2026,2965,1392,761.86,0,1005
3109,05-10-2026,2966,1391,761.86,0,1005
3110,05-10-2026,2966,1391,761.86,0,1005
3111,05-10-2026,2966,1391,761.86,0,1005
3112,05-10-2026,2966,1391,761.86,0,1005
3113,05-10-2026,2966,1391,761.86,0,1005
3114,05-10-2026,2967,1008,507.63,50.763,1006
3115,05-10-2026,2968,1124,253.39,0,1006
3116,05-11-2026,2190,1220,507.63,0,1002
3117,05-11-2026,2969,1294,846.61,0,1964
3118,05-11-2026,2970,1009,592.37,0,1983
3119,05-11-2026,2971,1220,507.63,0,1964
3120,05-11-2026,2972,1277,592.37,29.6185,1006
3121,05-11-2026,2973,1111,253.39,0,1002
3122,05-11-2026,2974,1391,761.86,76.186,1983
3123,05-11-2026,2975,1391,761.86,76.186,1983
3124,05-11-2026,2976,1391,761.86,0,1964
3125,05-11-2026,2977,1391,761.86,76.186,1983
3126,05-11-2026,2978,1038,1016.1,101.61,1964
3127,05-11-2026,2979,1392,761.86,76.186,1002
3128,05-11-2026,2980,1392,761.86,76.186,1002
3129,05-11-2026,2981,1392,761.86,76.186,1002
3130,05-11-2026,1297,1392,761.86,76.186,1964
3131,05-11-2026,2982,1392,761.86,76.186,1983
3132,05-11-2026,2983,1376,2033.05,203.305,1005
3133,05-11-2026,2984,1131,338.14,0,1003
3134,05-11-2026,2985,1353,1016.1,0,1003
3135,05-11-2026,2986,1391,761.86,0,1005
3136,05-11-2026,2987,1392,761.86,0,1005
3137,05-11-2026,2988,1307,1100.85,0,1003
3138,05-11-2026,2989,1392,761.86,0,1005
3139,05-11-2026,2989,1392,761.86,0,1005
3140,05-11-2026,2990,1126,338.14,0,1006
3141,05-11-2026,2991,1391,761.86,0,1006
3142,05-11-2026,2992,1392,761.86,0,1006
3143,05-11-2026,2993,1392,761.86,0,1006
3144,05-11-2026,2994,1392,761.86,0,1006
3145,05-11-2026,2995,1132,338.14,0,1006
3146,05-11-2026,2996,1132,338.14,0,1006
3147,05-11-2026,2997,1124,253.39,0,1006
3148,05-11-2026,2998,1124,253.39,0,1006
3149,05-11-2026,2998,1131,338.14,0,1006
3150,05-12-2026,2999,1392,761.86,0,1964
3151,05-12-2026,3000,1392,761.86,76.186,1002
3152,05-12-2026,3001,1392,761.86,0,1964
3153,05-12-2026,3002,1392,761.86,76.186,1964
3154,05-12-2026,3003,1219,507.63,0,1002
3155,05-12-2026,3004,1219,507.63,0,1983
3156,05-12-2026,3005,1392,761.86,0,1983
3157,05-12-2026,3006,1391,761.86,76.186,1964
3158,05-12-2026,3007,1391,761.86,76.186,1002
3159,05-12-2026,3008,1391,761.86,76.186,1983
3160,05-12-2026,3009,1391,761.86,76.186,1964
3161,05-12-2026,3010,1391,761.86,76.186,1002
3162,05-12-2026,3011,1391,761.86,0,1964
3163,05-12-2026,3012,1392,761.86,0,1002
3164,05-12-2026,3013,1391,761.86,0,1983
3165,05-12-2026,3014,1392,761.86,76.186,1002
3166,05-12-2026,3015,1392,761.86,76.186,1983
3167,05-12-2026,3016,1149,1270.34,0,1983
3168,05-12-2026,3017,1392,761.86,76.186,1964
3169,05-12-2026,3018,1392,761.86,76.186,1964
3170,05-12-2026,3019,1392,761.86,76.186,1983
3171,05-12-2026,3020,1114,253.39,0,1983
3172,05-12-2026,3021,1114,253.39,0,1983
3173,05-12-2026,3022,1046,1100.85,0,1003
3174,05-12-2026,3023,1165,422.88,0,1005
3175,05-12-2026,3024,1218,507.63,0,1005
3176,05-12-2026,3025,1391,761.86,0,1003
3177,05-12-2026,3027,1391,761.86,76.186,1003
3178,05-12-2026,3028,1027,931.36,0,3026
3179,05-12-2026,2963,1392,761.86,0,1005
3180,05-12-2026,3029,1392,761.86,152.372,1006
3181,05-12-2026,3030,1391,761.86,0,1005
3182,05-12-2026,3031,1391,761.86,0,1006
3183,05-12-2026,3032,1392,761.86,152.372,1006
3184,05-12-2026,3033,1392,761.86,152.372,1006
3185,05-12-2026,3034,1392,761.86,152.372,1006
3186,05-12-2026,3035,1001,507.63,0,1006
3187,05-12-2026,3036,1043,1016.1,0,1006
3188,05-12-2026,3037,1217,507.63,0,1006
3189,05-12-2026,3037,1389,1016.1,0,1006
3190,05-12-2026,3038,1021,761.86,38.093,1006
3191,05-12-2026,3039,1087,2202.54,0,1002
3192,05-12-2026,3040,1008,507.63,0,1964
3193,05-12-2026,3041,1353,1016.1,0,1009
3194,05-12-2026,3042,1279,677.12,0,1002
3195,05/13/2026 02:50:13,3043,1392,761.86,0,1964
3196,05/13/2026 02:54:45,3044,1391,761.86,0,1002
3197,05/13/2026 03:51:38,3045,1346,1100.85,0,1009
3198,05/13/2026 04:23:16,3046,1392,761.86,76.186,1964
3199,05/13/2026 04:24:36,3047,1392,761.86,0,1002
3200,05/13/2026 04:26:30,3048,1392,761.86,76.186,1964
3201,05/13/2026 05:03:34,3049,1392,761.86,76.186,1964
3202,05/13/2026 05:47:43,3050,1392,761.86,0,1983
3203,05/13/2026 06:16:26,3051,1391,761.86,76.186,1964
3204,05/13/2026 08:33:47,3052,1065,1355.08,0,1005
3205,05/13/2026 11:57:04,3053,1391,761.86,0,1005
3206,05/13/2026 13:12:14,3054,1392,761.86,0,1005
3207,05/13/2026 13:14:43,3054,1392,761.86,0,1005
3208,05/13/2026 13:15:46,3054,1392,761.86,0,1005
3209,05/13/2026 14:50:41,3055,1391,761.86,76.186,1006
3210,05/13/2026 15:18:30,3056,1391,761.86,76.186,1006
3211,05/13/2026 18:15:48,3057,1392,761.86,152.372,1006
3212,05/13/2026 18:18:48,3058,1392,761.86,152.372,1006
3213,05/13/2026 18:21:08,3058,1392,761.86,152.372,1006
3214,05/13/2026 18:25:09,3059,1392,761.86,152.372,1006
3215,05/13/2026 18:41:33,3060,1073,1524.58,0,1006
3216,05/13/2026 18:43:20,3061,1073,1524.58,0,1006
3217,05/13/2026 19:09:05,3062,1376,2033.05,0,1006
3218,05/13/2026 20:17:11,3063,1008,507.63,0,1006
3219,05/13/2026 20:20:42,3064,1278,677.12,0,1006
3220,05/13/2026 22:25:57,3065,1391,761.86,76.186,1964
3221,05/14/2026 00:00:16,3066,1008,507.63,0,1002
3222,05/14/2026 00:02:27,3067,1008,507.63,0,1964
3223,05/14/2026 02:56:08,3068,1391,761.86,0,1002
3224,05/14/2026 03:21:37,3069,1052,1100.85,0,1009
3225,05/14/2026 03:39:02,3070,1391,761.86,0,1964
3226,05/14/2026 03:39:10,3071,1392,761.86,76.186,1002
3227,05/14/2026 03:43:34,3072,1391,761.86,76.186,1002
3228,05/14/2026 04:05:04,3073,1391,761.86,76.186,1964
3229,05/14/2026 04:44:06,3074,1392,761.86,76.186,1964
3230,05/14/2026 04:46:47,3075,1392,761.86,0,1964
3231,05/14/2026 04:54:20,3076,1392,761.86,76.186,1002
3232,05/14/2026 13:54:56,3077,1392,761.86,0,1005
3233,05/14/2026 13:58:07,3077,1392,761.86,0,1005
3234,05/14/2026 13:59:14,3077,1392,761.86,0,1005
3235,05/14/2026 15:04:54,3078,1392,761.86,152.372,1006
3236,05/14/2026 15:11:40,3079,1391,761.86,76.186,1983
3237,05/14/2026 15:26:27,3080,1391,761.86,76.186,1983
3238,05/14/2026 15:38:31,3081,1278,677.12,0,1006
3239,05/14/2026 15:41:08,3082,1392,761.86,152.372,1006
3240,05/14/2026 15:57:00,3083,1066,1355.08,0,1005
3241,05/14/2026 16:32:13,3084,1391,761.86,76.186,1983
3242,05/14/2026 19:43:54,3085,1376,2033.05,0,1006
3243,05/14/2026 19:50:29,3086,1079,1863.56,0,1006
3244,05/14/2026 19:50:52,3085,1376,2033.05,203.305,1983
3245,05/14/2026 20:21:59,3087,1023,761.86,0,1983
3246,05/14/2026 21:11:36,3088,1044,1016.1,0,1006
3247,05/14/2026 21:31:27,3089,1391,761.86,76.186,1983
3248,05/14/2026 21:53:57,3090,1001,507.63,0,1006
3249,05/14/2026 22:08:17,3091,1058,1270.34,0,1006
3250,05/14/2026 22:19:54,3092,1391,761.86,76.186,1002
3251,05/14/2026 23:47:48,3093,1391,761.86,76.186,1964
3252,05/15/2026 00:26:21,3094,1058,1270.34,0,1964
3253,05/15/2026 00:29:46,3095,1392,761.86,76.186,1002
3254,05/15/2026 00:30:29,3096,1392,761.86,76.186,1964
3255,05/15/2026 00:36:13,3097,1392,761.86,76.186,1002
3256,05/15/2026 01:22:13,3098,1023,761.86,76.186,1003
3257,05/15/2026 03:36:22,3099,1391,761.86,76.186,1002
3258,05/15/2026 03:36:28,3100,1391,761.86,76.186,1964
3259,05/15/2026 03:37:52,3101,1392,761.86,76.186,1003
3260,05/15/2026 03:42:21,3102,1392,761.86,76.186,1003
3261,05/15/2026 04:17:07,3103,1391,761.86,76.186,1964
3262,05/15/2026 04:26:40,3104,1392,761.86,76.186,1002
3263,05/15/2026 04:51:37,3105,1391,761.86,76.186,1002
3264,05/15/2026 04:58:11,3106,1392,761.86,76.186,1964
3265,05/15/2026 05:07:33,3107,1391,761.86,76.186,1964
3266,05/15/2026 05:37:03,3108,1392,761.86,76.186,1003
3267,05/15/2026 06:15:11,3109,1392,761.86,76.186,1002
3268,05/15/2026 06:17:50,3110,1392,761.86,76.186,1964
3269,05/15/2026 07:03:20,3111,1392,761.86,76.186,1003
3270,05/15/2026 10:16:44,3112,1020,761.86,0,1005
3271,05/15/2026 12:10:16,3113,1391,761.86,0,1005
3272,05/15/2026 12:40:41,3114,1391,761.86,0,1005
3273,05/15/2026 13:59:33,3115,1035,1016.1,0,1006
3274,05/15/2026 16:15:12,3116,1392,761.86,152.372,1006
3275,05/15/2026 16:16:20,3117,1392,761.86,152.372,1006
3276,05/15/2026 16:17:31,3118,1392,761.86,152.372,1006
3277,05/15/2026 16:18:28,3119,1392,761.86,152.372,1006
3278,05/15/2026 16:19:44,3120,1392,761.86,152.372,1006
3279,05/15/2026 17:55:32,3121,1366,1439.83,0,1983
3280,05/15/2026 20:28:35,3122,1042,1016.1,0,1006
3281,05/15/2026 21:01:45,3123,1008,507.63,0,1006
3282,05/15/2026 21:14:22,3124,1023,761.86,0,1006
3283,05/15/2026 21:22:15,3125,1023,761.86,0,1006
3284,05/15/2026 22:09:38,3126,1392,761.86,76.186,1006
3285,05/15/2026 22:12:15,3127,1392,761.86,0,1006
3286,05/15/2026 22:56:14,3128,1391,761.86,76.186,1002
3287,05/15/2026 22:57:26,3129,1392,761.86,76.186,1983
3288,05/15/2026 23:00:27,3130,1392,761.86,76.186,1983
3289,05/15/2026 23:03:50,3131,1392,761.86,76.186,1983
3290,05/15/2026 23:13:17,3132,1392,761.86,76.186,1983
3291,05/15/2026 23:16:18,3133,1391,761.86,76.186,1003
3292,05/15/2026 23:19:12,3100,1391,761.86,76.186,1964
3293,05/15/2026 23:20:15,3134,1392,761.86,76.186,1983
3294,05/15/2026 23:24:22,3135,1391,761.86,76.186,1003
3295,05/15/2026 23:46:12,3136,1391,761.86,76.186,1002
3296,05/15/2026 23:47:32,3137,1391,761.86,76.186,1964
3297,05/15/2026 23:50:00,3138,1392,761.86,76.186,1964
3298,05/15/2026 23:51:51,3139,1391,761.86,76.186,1002
3299,05/15/2026 23:59:50,3140,1392,761.86,76.186,1002
3300,05/16/2026 00:07:53,3141,1391,761.86,76.186,1003
3301,05/16/2026 00:09:01,3142,1392,761.86,76.186,1964
3302,05/16/2026 00:15:47,3143,1392,761.86,76.186,1003
3303,05/16/2026 00:16:44,3144,1392,761.86,76.186,1002
3304,05/16/2026 00:20:59,3145,1032,931.36,93.136,1964
3305,05/16/2026 00:21:34,3146,1032,931.36,93.136,1003
3306,05/16/2026 02:16:40,3147,1391,761.86,76.186,1964
3307,05/16/2026 02:48:55,3148,1392,761.86,0,1002
3308,05/16/2026 02:49:15,3149,1092,2541.53,0,1003
3309,05/16/2026 03:29:06,3150,1391,761.86,76.186,1964
3310,05/16/2026 03:44:57,3151,1392,761.86,76.186,1002
3311,05/16/2026 03:45:38,3152,1391,761.86,76.186,1964
3312,05/16/2026 03:50:25,3153,1391,761.86,76.186,1002
3313,05/16/2026 04:04:34,3154,1392,761.86,76.186,1003
3314,05/16/2026 04:11:49,3155,1399,1439.83,0,1003
3315,05/16/2026 09:23:23,3156,1072,1524.58,0,1005
3316,05/16/2026 09:23:59,3157,1065,1355.08,0,1009
3317,05/16/2026 09:27:34,3156,1083,2033.05,0,1005
3318,05/16/2026 11:14:58,3158,1065,1355.08,0,1005
3319,05/16/2026 12:05:18,3158,1058,1270.34,0,1009
3320,05/16/2026 13:47:02,3159,1391,761.86,152.372,1005
3321,05/16/2026 13:48:14,3159,1391,761.86,0,1005
3322,05/16/2026 13:54:52,3159,1392,761.86,152.372,1005
3323,05/16/2026 13:57:52,3159,1392,761.86,0,1005
3324,05/16/2026 13:59:49,3159,1392,761.86,152.372,1005
3325,05/16/2026 14:01:58,3159,1392,761.86,152.372,1005
3326,05/16/2026 14:20:04,3160,1392,761.86,0,1005
3327,05/16/2026 14:43:38,3161,1392,761.86,0,1006
3328,05/16/2026 14:56:20,3162,1392,761.86,0,1983
3329,05/16/2026 16:51:18,3163,1392,761.86,0,1006
3330,05/16/2026 16:52:23,3164,1392,761.86,0,1006
3331,05/16/2026 17:10:56,3165,1033,1016.1,0,1006
3332,05/16/2026 17:13:49,3166,1073,1524.58,0,1983
3333,05/16/2026 20:39:13,3167,1014,677.12,0,1983
3334,05/16/2026 21:24:11,3168,1071,1439.83,0,1006
3335,05/16/2026 21:28:41,3169,1041,1016.1,0,1983
3336,05/16/2026 21:29:40,3169,1028,931.36,0,1983
3337,05/16/2026 22:00:01,3170,1392,761.86,0,1006
3338,05/16/2026 22:03:46,3170,1032,931.36,93.136,1983
3339,05/16/2026 22:07:54,3171,1044,1016.1,0,1006
3340,05/16/2026 22:13:36,3172,1375,1948.31,0,1002
3341,05/16/2026 22:57:11,3173,1391,761.86,76.186,1002
3342,05/16/2026 23:36:45,3174,1391,761.86,0,1002
3343,05/17/2026 01:00:10,3175,1036,1016.1,0,1003
3344,05/17/2026 01:42:43,3176,1061,1355.08,0,1002
3345,05/17/2026 01:47:09,3177,1032,931.36,0,1003
3346,05/17/2026 01:56:04,3178,1392,761.86,76.186,1003
3347,05/17/2026 03:01:20,3179,1391,761.86,76.186,1002
3348,05/17/2026 03:13:40,3180,1391,761.86,76.186,1003
3349,05/17/2026 03:21:05,3181,1391,761.86,76.186,1002
3350,05/17/2026 03:35:39,3182,1392,761.86,0,1003
3351,05/17/2026 04:02:09,3183,1392,761.86,76.186,1002
3352,05/17/2026 04:03:10,3184,1392,761.86,76.186,1003
3353,05/17/2026 04:09:31,3185,1392,761.86,76.186,1003
3354,05/17/2026 04:11:56,3186,1392,761.86,76.186,1002
3355,05/17/2026 04:12:35,3187,1392,761.86,76.186,1003
3356,05/17/2026 04:20:59,3188,1391,761.86,76.186,1003
3357,05/17/2026 04:28:40,3189,1392,761.86,76.186,1003
3358,05/17/2026 04:31:59,3190,1392,761.86,76.186,1002
3359,05/17/2026 04:35:20,3191,1392,761.86,76.186,1002
3360,05/17/2026 05:00:48,3192,1392,761.86,76.186,1003
3361,05/17/2026 05:18:14,3193,1057,1270.34,0,1002
3362,05/17/2026 13:08:41,3194,1392,761.86,0,1009
3363,05/17/2026 13:28:00,3195,1391,761.86,0,1005
3364,05/17/2026 13:28:58,3195,1391,761.86,0,1005
3365,05/17/2026 13:29:54,3195,1391,761.86,0,1005
3366,05/17/2026 14:28:11,3196,1391,761.86,76.186,1983
3367,05/17/2026 14:28:54,3197,1391,761.86,76.186,1983
3368,05/17/2026 20:45:15,3198,1021,761.86,0,1983
3369,05/17/2026 20:47:01,3199,1077,1694.07,0,1983
3370,05/17/2026 21:43:13,3200,1392,761.86,76.186,1983
3371,05/18/2026 00:05:19,3201,1391,761.86,76.186,1003
3372,05/18/2026 00:10:23,3202,1402,3727.97,0,1002
3373,05/18/2026 00:26:15,3203,1392,761.86,0,1002
3374,05/18/2026 00:29:36,3204,1392,761.86,0,1003
3375,05/18/2026 00:30:52,3205,1392,761.86,0,1002
3376,05/18/2026 00:33:18,3206,1392,761.86,0,1003
3377,05/18/2026 00:45:15,3207,1096,2880.51,0,1003
3378,05/18/2026 01:43:49,3208,1014,677.12,0,1002
3379,05/18/2026 01:45:59,3209,1021,761.86,0,1003
3380,05/18/2026 03:08:37,3210,1391,761.86,76.186,1002
3381,05/18/2026 03:22:12,3211,1392,761.86,76.186,1003
3382,05/18/2026 04:21:04,3212,1037,1016.1,0,1002
3383,05/18/2026 09:02:26,3213,1391,761.86,0,1009
3384,05/18/2026 10:08:32,3214,1044,1016.1,0,1005
3385,05/18/2026 11:20:12,3215,1069,1439.83,0,1009
3386,05/18/2026 15:05:24,3216,1391,761.86,152.372,1006
3387,05/18/2026 16:48:08,3217,1090,2456.78,0,1006
3388,05/18/2026 18:03:13,3218,1392,761.86,152.372,1006
3389,05/18/2026 18:04:26,3219,1392,761.86,0,1006
3390,05/18/2026 18:06:00,3220,1392,761.86,0,1006
3391,05/18/2026 18:07:24,3221,1392,761.86,152.372,1006
3392,05/18/2026 23:01:23,3222,1008,507.63,0,1002
3393,05/18/2026 23:03:31,3223,1008,507.63,0,1003
3394,05/18/2026 23:30:35,3224,1391,761.86,76.186,1002
3395,05/19/2026 00:06:18,3225,1392,761.86,76.186,1003
3396,05/19/2026 00:09:08,3226,1392,761.86,76.186,1003
3397,05/19/2026 00:10:56,3227,1392,761.86,76.186,1002
3398,05/19/2026 00:17:46,3228,1392,761.86,76.186,1002
3399,05/19/2026 08:09:37,3229,1021,761.86,0,1005
3400,05/19/2026 08:41:57,3230,1389,1016.1,0,1005
3401,05/19/2026 09:36:11,3231,1010,677.12,0,1006
3402,05/19/2026 10:25:55,3232,1073,1524.58,0,1003
3403,05/19/2026 14:49:26,3233,1391,761.86,152.372,1006
3404,05/19/2026 14:52:59,3234,1391,761.86,152.372,1006
3405,05/19/2026 17:05:46,3235,1391,761.86,0,1006
3406,05/19/2026 17:07:10,3236,1391,761.86,0,1006
3407,05/19/2026 17:08:11,3237,1391,761.86,0,1006
3408,05/19/2026 17:16:20,3238,1391,761.86,0,1006
3409,05/19/2026 17:17:27,3239,1391,761.86,0,1006
3410,05/19/2026 17:18:41,3240,1392,761.86,0,1006
3411,05/19/2026 18:45:40,3241,1304,1016.1,0,1006
3412,05/19/2026 20:14:05,3242,1348,1355.08,0,1006
3413,05/19/2026 20:48:00,3243,1388,761.86,0,1006
3414,05/19/2026 22:06:05,3244,1008,507.63,0,1006
3415,05/19/2026 22:07:40,3245,1023,761.86,0,1006
3416,05/19/2026 22:14:54,3246,1023,761.86,0,1006
3417,05/19/2026 22:43:35,3247,1008,507.63,0,1006
3418,05/19/2026 23:00:40,3248,1008,507.63,0,1002
3419,05/19/2026 23:00:50,3249,1008,507.63,0,1003
3420,05/19/2026 23:06:49,3250,1008,507.63,0,1002
3421,05/19/2026 23:25:33,3251,1008,507.63,0,1002
3422,05/20/2026 00:10:46,3252,1065,1355.08,0,1003
3423,05/20/2026 04:43:37,3253,1391,761.86,0,1003
3424,05/20/2026 04:44:30,3254,1391,761.86,76.186,1002
3425,05/20/2026 04:51:45,3255,1008,507.63,0,1002
3426,05/20/2026 04:52:21,3256,1392,761.86,76.186,1003
3427,05/20/2026 04:58:01,3257,1023,761.86,0,1003
3428,05/20/2026 07:41:31,3258,1044,1016.1,0,1005
3429,05/20/2026 08:16:33,3259,1012,677.12,0,1009
3430,05/20/2026 09:13:23,3260,1389,1016.1,0,1005
3431,05/20/2026 10:53:49,3261,1050,1100.85,0,1005
3432,05/20/2026 11:44:54,3262,1391,761.86,0,1005
3433,05/20/2026 11:51:20,3262,1392,761.86,0,1005
3434,05/20/2026 11:57:15,3263,1391,761.86,0,1005
3435,05/20/2026 13:25:35,3262,1392,761.86,152.372,1005
3436,05/20/2026 13:27:40,3262,1392,761.86,152.372,1005
3437,05/20/2026 13:33:10,3262,1391,761.86,152.372,1005
3438,05/20/2026 13:34:52,3262,1391,761.86,0,1005
3439,05/20/2026 13:36:27,3262,1391,761.86,152.372,1005
3440,05/20/2026 13:41:32,3264,1391,761.86,0,1009
3441,05/20/2026 13:41:32,3265,1391,761.86,0,1005
3442,05/20/2026 13:43:44,3266,1391,761.86,0,1009
3443,05/20/2026 13:46:03,3262,1391,761.86,0,1005
3444,05/20/2026 13:52:04,3262,1391,761.86,152.372,1005
3445,05/20/2026 13:56:19,3262,1391,761.86,0,1005
3446,05/20/2026 15:12:25,3267,1391,761.86,152.372,1006
3447,05/20/2026 16:39:22,3268,1392,761.86,0,1006
3448,05/20/2026 16:41:19,3269,1278,677.12,0,1006
3449,05/20/2026 17:09:58,3270,1386,1694.07,0,1006
3450,05/20/2026 17:12:13,3271,1391,761.86,152.372,1006
3451,05/20/2026 17:20:23,3272,1019,761.86,0,1006
3452,05/20/2026 17:26:11,3273,1058,1270.34,0,1006
3453,05/20/2026 18:34:19,3274,1073,1524.58,0,1006
3454,05/20/2026 18:46:55,3275,1043,1016.1,0,1006
3455,05/20/2026 18:54:45,3276,1332,1609.32,0,1006
3456,05/21/2026 00:13:35,3277,1008,507.63,0,1003
3457,05/21/2026 00:15:17,3278,1023,761.86,0,1002
3458,05/21/2026 00:18:21,3279,1008,507.63,0,1002
3459,05/21/2026 00:20:55,3280,1008,507.63,0,1003
3460,05/21/2026 01:04:13,3058,1285,761.86,0,1983
3461,05/21/2026 01:07:02,3281,1283,761.86,0,1983
3462,05/21/2026 01:08:49,3281,1285,761.86,0,1983
3463,05/21/2026 03:37:20,3282,1391,761.86,76.186,1002
3464,05/21/2026 07:14:58,3283,1044,1016.1,0,1005
3465,05/21/2026 07:19:09,3284,1044,1016.1,0,1005
3466,05/21/2026 07:33:35,3285,1020,761.86,0,1005
3467,05/21/2026 07:38:48,3285,1021,761.86,0,1005
3468,05/21/2026 07:56:16,3286,1063,1355.08,0,1005
3469,05/21/2026 08:50:28,3287,1389,1016.1,0,1005
3470,05/21/2026 09:12:05,3288,1006,507.63,0,1005
3471,05/21/2026 10:49:30,3289,1062,1355.08,0,1005
3472,05/21/2026 11:36:13,3290,1392,761.86,0,1005
3473,05/21/2026 12:06:07,3291,1008,507.63,0,1983
3474,05/21/2026 12:10:56,3292,1008,507.63,0,1983
3475,05/21/2026 12:31:12,3293,1391,761.86,0,1005
3476,05/21/2026 12:33:20,3293,1392,761.86,0,1005
3477,05/21/2026 12:44:42,3294,1352,1016.1,0,1006
3478,05/21/2026 12:49:32,3295,1392,761.86,0,1005
3479,05/21/2026 12:58:18,3293,1392,761.86,152.372,1005
3480,05/21/2026 12:59:33,3293,1392,761.86,0,1005
3481,05/21/2026 14:17:20,3296,1392,761.86,152.372,1006
3482,05/21/2026 14:35:05,3297,1392,761.86,152.372,1006
3483,05/21/2026 15:11:22,3298,1391,761.86,0,1006
3484,05/21/2026 15:28:15,3299,1391,761.86,152.372,1006
3485,05/21/2026 19:29:52,3300,1008,507.63,0,1006
3486,05/21/2026 20:17:18,3301,1376,2033.05,0,1006
3487,05/21/2026 22:11:52,3302,1392,761.86,152.372,1006
3488,05/21/2026 22:13:22,3303,1392,761.86,152.372,1006
3489,05/21/2026 22:35:28,3304,1008,507.63,0,1983
3490,05/21/2026 22:37:55,3305,1008,507.63,0,1983
3491,05/21/2026 23:42:35,3306,1391,761.86,76.186,1002
3492,05/21/2026 23:44:56,3307,1391,761.86,76.186,1003
3493,05/21/2026 23:47:13,3308,1392,761.86,76.186,1002
3494,05/21/2026 23:48:22,3309,1391,761.86,76.186,1003
3495,05/21/2026 23:49:18,3310,1391,761.86,76.186,1002
3496,05/21/2026 23:51:40,3311,1391,761.86,76.186,1003
3497,05/22/2026 02:50:21,3312,1023,761.86,0,1983
3498,05/22/2026 03:31:12,3313,1391,761.86,76.186,1002
3499,05/22/2026 04:35:34,3314,1327,1355.08,0,1002
3500,05/22/2026 06:01:06,3315,1044,1016.1,0,1003
3501,05/22/2026 07:57:26,3316,1368,1439.83,0,1005
3502,05/22/2026 08:13:24,3317,1020,761.86,0,1005
3503,05/22/2026 08:29:59,3317,1020,761.86,0,1005
3504,05/22/2026 10:26:29,3318,1391,761.86,152.372,1006
3505,05/22/2026 11:34:43,3319,1391,761.86,0,1005
3506,05/22/2026 11:38:21,3320,1392,761.86,0,1005
3507,05/22/2026 11:47:23,3321,1391,761.86,0,1005
3508,05/22/2026 12:05:11,3322,1391,761.86,0,1005
3509,05/22/2026 12:08:42,3323,1391,761.86,0,1005
3510,05/22/2026 12:11:18,3324,1392,761.86,0,1005
3511,05/22/2026 12:29:10,3325,1392,761.86,0,1005
3512,05/22/2026 12:30:27,3325,1392,761.86,0,1005
3513,05/22/2026 14:10:06,3326,1392,761.86,152.372,1006
3514,05/22/2026 14:13:31,3327,1391,761.86,0,1005
3515,05/22/2026 14:18:18,3328,1391,761.86,0,1005
3516,05/22/2026 14:55:32,3329,1392,761.86,152.372,1006
3517,05/22/2026 17:58:27,3330,1391,761.86,152.372,1006
3518,05/22/2026 17:59:09,3331,1391,761.86,152.372,1006
3519,05/22/2026 18:00:08,3332,1391,761.86,152.372,1006
3520,05/22/2026 18:09:48,3333,1063,1355.08,0,1006
3521,05/22/2026 20:11:24,3334,1051,1100.85,0,1006
3522,05/22/2026 21:08:14,3335,1041,1016.1,0,1006
3523,05/22/2026 21:58:20,3336,1300,931.36,0,1006
3524,05/22/2026 22:04:52,3337,1044,1016.1,0,1006
3525,05/22/2026 22:07:14,3337,1006,507.63,0,1006
3526,05/22/2026 23:35:16,3338,1391,761.86,76.186,1002
3527,05/23/2026 00:05:05,3339,1391,761.86,152.372,1002
3528,05/23/2026 00:09:33,3340,1391,761.86,152.372,1002
3529,05/23/2026 00:11:44,3341,1391,761.86,152.372,1002
3530,05/23/2026 00:54:58,3342,1392,761.86,76.186,1003
3531,05/23/2026 02:34:19,3343,1391,761.86,76.186,1002
3532,05/23/2026 04:06:34,3344,1392,761.86,76.186,1002
3533,05/23/2026 04:07:06,3345,1392,761.86,0,1003
3534,05/23/2026 04:09:20,3346,1392,761.86,0,1003
3535,05/23/2026 08:12:14,3347,1006,507.63,0,1009
3536,05/23/2026 12:25:33,3348,1392,761.86,0,1983
3537,05/23/2026 12:27:36,3349,1392,761.86,0,1983
3538,05/23/2026 12:29:22,3350,1392,761.86,0,1983
3539,05/23/2026 12:32:51,3351,1392,761.86,0,1983
3540,05/23/2026 12:38:30,3352,1392,761.86,0,1983
3541,05/23/2026 12:39:48,3353,1392,761.86,0,1983
3542,05/23/2026 12:41:15,3354,1392,761.86,0,1983
3543,05/23/2026 13:07:20,3355,1391,761.86,0,1005
3544,05/23/2026 13:08:13,3355,1391,761.86,0,1005
3545,05/23/2026 13:09:38,3355,1391,761.86,0,1005
3546,05/23/2026 13:11:15,3355,1391,761.86,0,1005
3547,05/23/2026 13:11:59,3355,1392,761.86,0,1005
3548,05/23/2026 14:56:28,3356,1392,761.86,152.372,1006
3549,05/23/2026 17:48:33,3357,1392,761.86,152.372,1006
3550,05/23/2026 17:51:49,3358,1392,761.86,152.372,1006
3551,05/23/2026 17:53:07,3359,1392,761.86,152.372,1006
3552,05/23/2026 17:56:53,3360,1392,761.86,152.372,1006
3553,05/23/2026 17:59:01,3361,1392,761.86,152.372,1006
3554,05/23/2026 18:00:09,3362,1392,761.86,152.372,1006
3555,05/23/2026 18:04:06,3363,1034,1016.1,0,1006
3556,05/23/2026 18:12:58,3364,1391,761.86,152.372,1006
3557,05/23/2026 19:17:58,3365,1050,1100.85,0,1006
3558,05/23/2026 22:02:41,3366,1017,761.86,0,1006
3559,05/23/2026 22:08:16,3367,1016,761.86,0,1006
3560,05/23/2026 23:02:14,3368,1392,761.86,152.372,1002
3561,05/23/2026 23:07:52,3369,1042,1016.1,0,1006
3562,05/23/2026 23:12:24,3370,1017,761.86,0,1006
3563,05/23/2026 23:16:09,3371,1391,761.86,76.186,1002
3564,05/23/2026 23:19:12,3372,1392,761.86,76.186,1002
3565,05/23/2026 23:50:28,3373,1347,1270.34,0,1002
3566,05/24/2026 00:04:14,3374,1385,1524.58,0,1002
3567,05/24/2026 01:05:43,3375,1368,1439.83,0,1002
3568,05/24/2026 01:28:23,3376,1038,1016.1,101.61,1002
3569,05/24/2026 01:33:28,3376,1038,1016.1,101.61,1002
3570,05/24/2026 01:37:15,3376,1038,1016.1,101.61,1002
3571,05/24/2026 01:40:31,3376,1038,1016.1,101.61,1002
3572,05/24/2026 01:43:39,3376,1038,1016.1,101.61,1002
3573,05/24/2026 02:00:03,3377,1388,761.86,0,1002
3574,05/24/2026 02:59:28,3378,1392,761.86,76.186,1002
3575,05/24/2026 03:32:48,3379,1283,761.86,0,1002
3576,05/24/2026 04:06:28,3380,1014,677.12,0,1002
3577,05/24/2026 04:34:21,3381,1391,761.86,76.186,1002
3578,05/24/2026 08:49:18,3382,1044,1016.1,0,1009
3579,05/24/2026 12:35:18,3383,1391,761.86,0,1009
3580,05/24/2026 12:36:58,3383,1391,761.86,0,1009
3581,05/24/2026 13:37:08,3384,1391,761.86,0,1005
3582,05/24/2026 13:38:16,3384,1391,761.86,0,1005
3583,05/24/2026 13:39:01,3384,1391,761.86,0,1005
3584,05/24/2026 13:40:01,3384,1392,761.86,0,1005
3585,05/24/2026 13:41:02,3384,1392,761.86,0,1005
3586,05/24/2026 14:52:16,3385,1391,761.86,76.186,1002
3587,05/24/2026 14:58:57,3386,1391,761.86,76.186,1002
3588,05/24/2026 16:02:22,3387,1392,761.86,76.186,1002
3589,05/24/2026 23:02:05,3388,1008,507.63,0,1983
3590,05/24/2026 23:09:22,3389,1347,1270.34,0,1983
3591,05/24/2026 23:16:27,3390,1348,1355.08,0,1983
3592,05/24/2026 23:22:59,3391,1008,507.63,0,1983
3593,05/24/2026 23:31:00,3392,1023,761.86,76.186,1983
3594,05/24/2026 23:46:32,3393,1023,761.86,76.186,1983
3595,05/24/2026 23:50:47,3394,1023,761.86,76.186,1983
3596,05/24/2026 23:54:54,3395,1008,507.63,0,1983
3597,05/25/2026 01:10:05,3396,1087,2202.54,0,1983
3598,05/25/2026 01:12:10,3396,1087,2202.54,0,1983
3599,05/25/2026 01:15:40,3396,1087,2202.54,0,1983
3600,05/25/2026 01:17:05,3396,1087,2202.54,0,1983
3601,05/25/2026 01:23:30,3397,1038,1016.1,0,1983
3602,05/25/2026 01:28:41,3398,1391,761.86,76.186,1983
3603,05/25/2026 01:52:15,3396,1383,3219.49,0,1983
3604,05/25/2026 02:22:21,3399,1400,1524.58,0,1983
3605,05/25/2026 02:40:43,3400,1353,1016.1,0,1983
3606,05/25/2026 02:46:53,3401,1353,1016.1,0,1983
3607,05/25/2026 05:03:11,3402,1391,761.86,76.186,1983
3608,05/25/2026 07:43:58,1430,1369,1439.83,0,1009
3609,05/25/2026 08:40:40,3403,1013,677.12,0,1009
3610,05/25/2026 09:49:57,3404,1073,1524.58,0,1005
3611,05/25/2026 11:57:19,3405,1073,1524.58,0,1983
3612,05/25/2026 13:21:23,3406,1391,761.86,0,1005
3613,05/25/2026 13:22:24,3406,1391,761.86,0,1005
3614,05/25/2026 13:23:06,3406,1391,761.86,0,1005
3615,05/25/2026 13:23:54,3406,1392,761.86,0,1005
3616,05/25/2026 14:53:44,3407,1391,761.86,76.186,1003
3617,05/25/2026 14:56:48,3408,1391,761.86,76.186,1003
3618,05/25/2026 15:02:49,3409,1391,761.86,76.186,1003
3619,05/25/2026 15:08:02,3410,1391,761.86,76.186,1003
3620,05/25/2026 15:36:46,3411,1392,761.86,152.372,1003
3621,05/25/2026 15:49:06,3412,1392,761.86,152.372,1003
3622,05/25/2026 17:15:30,3332,1392,761.86,152.372,1006
3623,05/25/2026 17:16:38,3413,1392,761.86,152.372,1006
3624,05/25/2026 17:17:56,3357,1392,761.86,152.372,1006
3625,05/25/2026 17:19:23,3414,1392,761.86,152.372,1006
3626,05/25/2026 18:45:58,3415,1059,1270.34,0,1003
3627,05/25/2026 18:46:06,3416,1370,1524.58,0,1006
3628,05/25/2026 18:55:11,3417,1370,1524.58,0,1006
3629,05/25/2026 19:46:02,3418,1376,2033.05,0,1003
3630,05/25/2026 21:38:47,3419,1392,761.86,152.372,1006
3631,05/25/2026 21:41:10,3420,1391,761.86,152.372,1006
3632,05/25/2026 21:42:35,3421,1392,761.86,152.372,1006
3633,05/25/2026 21:44:11,3422,1392,761.86,152.372,1006
3634,05/25/2026 22:14:36,3423,1350,2202.54,0,1964
3635,05/25/2026 22:14:49,3424,1006,507.63,0,1002
3636,05/25/2026 22:17:14,3423,1347,1270.34,0,1964
3637,05/25/2026 22:57:40,1010,1391,761.86,0,1002
3638,05/25/2026 23:01:34,3425,1008,507.63,0,1964
3639,05/25/2026 23:03:29,3426,1008,507.63,0,1002
3640,05/25/2026 23:05:37,3427,1008,507.63,0,1964
3641,05/26/2026 02:58:06,3428,1389,1016.1,0,1002
3642,05/26/2026 03:31:07,3429,1391,761.86,0,1964
3643,05/26/2026 03:39:03,3430,1347,1270.34,0,1964
3644,05/26/2026 03:51:07,3430,1031,931.36,0,1964
3645,05/26/2026 09:03:12,3431,1006,507.63,0,1009
3646,05/26/2026 09:05:24,3432,1006,507.63,0,1009
3647,05/26/2026 10:52:18,3433,1391,761.86,0,1005
3648,05/26/2026 10:59:42,3434,1028,931.36,0,1005
3649,05/26/2026 11:06:35,3404,1073,1524.58,0,1005
3650,05/26/2026 12:30:29,3435,1391,761.86,0,1009
3651,05/26/2026 12:34:13,3436,1392,761.86,0,1005
3652,05/26/2026 12:36:04,3436,1392,761.86,0,1005
3653,05/26/2026 12:42:54,3436,1391,761.86,0,1005
3654,05/26/2026 14:38:51,3437,1391,761.86,76.186,1003
3655,05/26/2026 14:40:44,3438,1391,761.86,76.186,1003
3656,05/26/2026 20:34:52,3439,1392,761.86,152.372,1006
3657,05/26/2026 20:36:47,3440,1391,761.86,152.372,1006
3658,05/26/2026 21:01:51,3441,1008,507.63,0,1003
3659,05/26/2026 21:22:35,3442,1049,1100.85,0,1003
3660,05/26/2026 21:41:51,3443,1008,507.63,0,1006
3661,05/26/2026 22:08:49,3444,1006,507.63,0,1006
3662,05/26/2026 22:31:22,3445,1049,1100.85,0,1006
3663,05/26/2026 23:24:13,3446,1391,761.86,152.372,1006
3664,05/26/2026 23:42:45,3447,1039,1016.1,0,1002
3665,05/27/2026 01:30:49,3448,1384,1439.83,0,1002
3666,05/27/2026 02:14:10,3449,1392,761.86,76.186,1002
3667,05/27/2026 02:23:39,3450,1392,761.86,76.186,1002
3668,05/27/2026 03:25:16,3451,1391,761.86,76.186,1002
3669,05/27/2026 03:27:19,3452,1391,761.86,76.186,1002
3670,05/27/2026 04:36:36,3453,1014,677.12,0,1002
3671,05/27/2026 13:11:35,3454,1391,761.86,0,1005
3672,05/27/2026 13:12:37,3455,1391,761.86,0,1005
3673,05/27/2026 13:13:21,3455,1391,761.86,0,1005
3674,05/27/2026 13:14:35,3454,1391,761.86,0,1005
3675,05/27/2026 13:15:21,3454,1391,761.86,0,1005
3676,05/27/2026 13:16:23,3454,1391,761.86,0,1005
3677,05/27/2026 13:17:11,3454,1391,761.86,0,1005
3678,05/27/2026 13:18:20,3454,1391,761.86,0,1005
3679,05/27/2026 13:19:09,3454,1391,761.86,0,1005
3680,05/27/2026 14:07:51,3456,1060,1355.08,0,1009
3681,05/27/2026 14:48:53,3457,1392,761.86,152.372,1003
3682,05/27/2026 14:57:43,3458,1391,761.86,152.372,1003
3683,05/27/2026 17:40:27,3459,1392,761.86,152.372,1006
3684,05/27/2026 17:43:24,3460,1392,761.86,152.372,1006
3685,05/27/2026 17:55:45,3461,1392,761.86,152.372,1006
3686,05/27/2026 17:58:23,3462,1392,761.86,152.372,1006
3687,05/27/2026 18:06:08,3463,1392,761.86,152.372,1006
3688,05/27/2026 18:09:35,3464,1392,761.86,152.372,1006
3689,05/27/2026 19:41:24,3465,1008,507.63,0,1003
3690,05/27/2026 19:46:38,3466,1008,507.63,0,1003
3691,05/27/2026 19:56:34,3467,1283,761.86,0,1006
3692,05/27/2026 21:07:43,3468,1077,1694.07,0,1003
3693,05/27/2026 21:09:30,3469,1391,761.86,152.372,1006
3694,05/27/2026 21:10:49,3470,1391,761.86,152.372,1006
3695,05/27/2026 21:12:52,3471,1391,761.86,152.372,1006
3696,05/27/2026 22:18:48,3472,1038,1016.1,0,1964
3697,05/27/2026 22:36:53,3473,1038,1016.1,0,1964
3698,05/27/2026 23:00:59,3474,1008,507.63,0,1002
3699,05/27/2026 23:29:46,3475,1391,761.86,76.186,1002
3700,05/27/2026 23:36:26,3476,1391,761.86,76.186,1964
3701,05/27/2026 23:51:00,3477,1392,761.86,76.186,1964
3702,05/28/2026 00:15:27,3478,1303,1016.1,0,1983
3703,05/28/2026 00:20:40,3478,1303,1016.1,0,1983
3704,05/28/2026 00:23:36,3478,1303,1016.1,0,1983
3705,05/28/2026 01:01:40,3479,1391,761.86,76.186,1002
3706,05/28/2026 01:13:47,3480,1392,761.86,152.372,1964
3707,05/28/2026 01:23:33,3481,1082,2033.05,0,1983
3708,05/28/2026 01:24:13,3482,1391,761.86,76.186,1002
3709,05/28/2026 01:25:48,3483,1392,761.86,76.186,1964
3710,05/28/2026 01:40:17,3484,1392,761.86,76.186,1002
3711,05/28/2026 01:42:33,3485,1391,761.86,76.186,1983
3712,05/28/2026 02:04:05,3486,1089,2372.03,0,1983
3713,05/28/2026 02:32:53,3487,1392,761.86,76.186,1964
3714,05/28/2026 02:37:36,3488,1391,761.86,76.186,1964
3715,05/28/2026 03:15:46,3489,1328,1439.83,0,1964
3716,05/28/2026 05:10:51,3490,1391,761.86,76.186,1964
3717,05/28/2026 12:40:55,3491,1391,761.86,0,1005
3718,05/28/2026 13:02:45,3491,1391,761.86,0,1005
3719,05/28/2026 13:03:42,3491,1391,761.86,0,1005
3720,05/28/2026 13:03:59,3491,1391,761.86,0,1005
3721,05/28/2026 13:04:17,3491,1392,761.86,0,1005
3722,05/28/2026 13:04:32,3491,1392,761.86,0,1005
3723,05/28/2026 13:04:50,3491,1392,761.86,0,1005
3724,05/28/2026 15:04:44,3492,1391,761.86,76.186,1003
3725,05/28/2026 15:34:20,3493,1033,1016.1,0,1003
3726,05/28/2026 19:48:26,3494,1275,761.86,0,1003
3727,05/28/2026 19:56:47,3495,1391,761.86,152.372,1003
3728,05/28/2026 20:09:23,3496,1087,2202.54,0,1003
3729,05/28/2026 20:10:06,3497,1045,1016.1,0,1005
3730,05/28/2026 20:13:15,3498,1391,761.86,152.372,1003
3731,05/28/2026 20:59:24,3499,1331,1439.83,0,1003
3732,05/28/2026 23:10:29,3500,1008,507.63,0,1983
3733,05/28/2026 23:42:58,3501,1391,761.86,76.186,1964
3734,05/28/2026 23:43:09,3502,1391,761.86,76.186,1964
3735,05/28/2026 23:46:00,3503,1391,761.86,76.186,1964
3736,05/28/2026 23:47:26,3504,1391,761.86,76.186,1964
3737,05/29/2026 03:11:36,3505,1064,1355.08,0,1964
3738,05/29/2026 03:20:21,3506,1064,1355.08,0,1964
3739,05/29/2026 03:55:54,3507,1391,761.86,76.186,1964
3740,05/29/2026 04:00:54,3508,1392,761.86,76.186,1964
3741,05/29/2026 04:25:14,3509,1392,761.86,76.186,1983
3742,05/29/2026 04:28:03,3509,1392,761.86,76.186,1983
3743,05/29/2026 07:37:03,3510,1005,507.63,0,1005
3744,05/29/2026 12:05:20,3511,1392,761.86,0,1009
3745,05/29/2026 13:26:54,3512,1391,761.86,0,1005
3746,05/29/2026 13:28:14,3512,1391,761.86,0,1005
3747,05/29/2026 13:29:13,3512,1391,761.86,0,1005
3748,05/29/2026 14:26:12,3513,1391,761.86,76.186,1003
3749,05/29/2026 21:09:02,3514,1285,761.86,0,1003
3750,05/29/2026 21:11:38,3514,1285,761.86,0,1003
3751,05/29/2026 22:58:10,3515,1044,1016.1,0,1964
3752,05/29/2026 23:45:32,3516,1391,761.86,76.186,1964
3753,05/30/2026 00:33:13,3517,1392,761.86,76.186,1964
3754,05/30/2026 02:39:04,3518,1392,761.86,0,1964
3755,05/30/2026 03:01:50,3519,1391,761.86,76.186,1964
3756,05/30/2026 03:35:35,3520,1391,761.86,76.186,1964
3757,05/30/2026 03:40:15,3521,1391,761.86,76.186,1964
3758,05/30/2026 04:52:34,3522,1392,761.86,76.186,1002
3759,05/30/2026 04:53:03,3523,1392,761.86,76.186,1964
3760,05/30/2026 04:56:54,3524,1392,761.86,76.186,1964
3761,05/30/2026 05:00:17,3525,1392,761.86,76.186,1964
3762,05/30/2026 05:03:35,3526,1392,761.86,76.186,1964
3763,05/30/2026 05:07:13,3527,1392,761.86,76.186,1964
3764,05/30/2026 05:10:31,3528,1392,761.86,76.186,1964
3765,05/30/2026 05:34:32,3529,1391,761.86,76.186,1964
3766,05/30/2026 05:38:13,3530,1391,761.86,76.186,1964
3767,05/30/2026 05:45:00,3531,1391,761.86,76.186,1964
3768,05/30/2026 10:31:36,3532,1391,761.86,76.186,1964
3769,05/30/2026 13:02:43,3533,1392,761.86,0,1005
3770,05/30/2026 15:08:27,3534,1008,507.63,0,1003
3771,05/30/2026 15:10:17,3535,1391,761.86,152.372,1006
3772,05/30/2026 15:16:03,3536,1391,761.86,152.372,1003
3773,05/30/2026 17:38:58,3537,1044,1016.1,0,1006
3774,05/30/2026 17:41:41,3331,1391,761.86,152.372,1006
3775,05/30/2026 17:42:52,3538,1391,761.86,152.372,1006
3776,05/30/2026 17:43:40,3539,1391,761.86,152.372,1006
3777,05/30/2026 21:31:25,3540,1392,761.86,152.372,1006
3778,05/30/2026 21:32:43,3541,1392,761.86,152.372,1006
3779,05/30/2026 21:33:56,3542,1392,761.86,152.372,1006
3780,05/30/2026 21:35:30,3543,1392,761.86,152.372,1006
3781,05/30/2026 21:36:31,3544,1392,761.86,152.372,1006
3782,05/30/2026 22:10:03,3545,1008,507.63,0,1003
3783,05/30/2026 22:11:27,3546,1008,507.63,0,1003
3784,05/30/2026 23:03:21,3547,1391,761.86,76.186,1964
3785,05/30/2026 23:40:57,3548,1391,761.86,76.186,1964
3786,05/30/2026 23:41:43,3549,1391,761.86,76.186,1964
3787,05/30/2026 23:46:12,3550,1391,761.86,76.186,1964
3788,05/31/2026 00:04:34,3551,1391,761.86,76.186,1964
3789,05/31/2026 00:04:41,3552,1391,761.86,76.186,1964
3790,05/31/2026 00:10:16,3553,1392,761.86,76.186,1002
3791,05/31/2026 00:56:29,3554,1075,1694.07,0,1983
3792,05/31/2026 02:54:02,3555,1391,761.86,76.186,1964
3793,05/31/2026 02:59:40,3556,1391,761.86,76.186,1964
3794,05/31/2026 03:01:01,2923,1391,761.86,76.186,1002
3795,05/31/2026 03:03:22,3557,1391,761.86,76.186,1983
3796,05/31/2026 03:15:43,3558,1391,761.86,76.186,1964
3797,05/31/2026 03:27:29,3559,1391,761.86,76.186,1964
3798,05/31/2026 03:42:13,3560,1038,1016.1,0,1983
3799,05/31/2026 03:52:50,3561,1392,761.86,76.186,1002
3800,05/31/2026 04:53:56,3562,1392,761.86,76.186,1964
3801,05/31/2026 05:48:59,3563,1392,761.86,76.186,1983
3802,05/31/2026 10:21:49,3564,1275,761.86,0,1005
3803,05/31/2026 13:07:46,3565,1392,761.86,152.372,1005
3804,05/31/2026 13:11:35,3565,1392,761.86,0,1005
3805,05/31/2026 13:12:00,3565,1391,761.86,152.372,1005
3806,05/31/2026 13:12:25,3565,1391,761.86,0,1005
3807,05/31/2026 13:28:42,3565,1392,761.86,152.372,1005
3808,05/31/2026 14:00:57,3566,1391,761.86,152.372,1006
3809,05/31/2026 15:02:26,3567,1391,761.86,152.372,1003
3810,05/31/2026 18:19:52,3568,1396,2456.78,0,1006
3811,05/31/2026 18:21:56,3569,1396,2456.78,0,1003
3812,05/31/2026 18:28:52,3570,1057,1270.34,0,1003
3813,05/31/2026 18:35:19,3571,1396,2456.78,245.678,1006
3814,05/31/2026 18:40:28,3572,1073,1524.58,152.458,1006
3815,05/31/2026 18:41:01,3573,1057,1270.34,127.034,1003
3816,05/31/2026 18:55:54,3574,1392,761.86,152.372,1003
3817,05/31/2026 19:00:01,3575,1392,761.86,152.372,1003
3818,05/31/2026 19:11:47,3576,1073,1524.58,152.458,1006
3819,05/31/2026 20:47:18,3577,1392,761.86,152.372,1006
3820,05/31/2026 20:49:22,3578,1392,761.86,152.372,1006
3821,05/31/2026 20:51:30,3422,1392,761.86,152.372,1006
3822,05/31/2026 20:54:36,3579,1392,761.86,152.372,1006
3823,05/31/2026 20:57:53,3544,1392,761.86,152.372,1006
3824,05/31/2026 21:52:02,3580,1308,1100.85,0,1003
3825,05/31/2026 22:12:30,3581,1391,761.86,152.372,1003
3826,05/31/2026 22:14:43,3582,1391,761.86,152.372,1003
3827,05/31/2026 22:45:47,3583,1008,507.63,0,1983
3828,05/31/2026 22:48:36,3583,1008,507.63,0,1983
3829,05/31/2026 22:56:25,3584,1008,507.63,0,1002
3830,05/31/2026 23:26:39,3585,1023,761.86,0,1964
3831,05/31/2026 23:42:22,3586,1391,761.86,0,1964
